polling_place_key,voters,voters_with_any_eligible_election,eligible_elections,voted_elections,eligible_primaries,voted_primaries,eligible_generals,voted_generals,eligible_midterm_primaries,voted_midterm_primaries,avg_eligible_elections_per_voter,avg_voted_elections_per_voter,avg_participation_pct_per_voter,participation_pct,primary_participation_pct,general_participation_pct,midterm_primary_participation_pct,registered_current_year_D,registered_current_year_Oth,registered_current_year_R,registered_current_year_total,registration_year,polling_place,full_address,post_office,precinct_codes,precinct_split_ids,municipality_districts
Advent Lutheran Church | 45 Worthington Mill Rd Richboro PA 18954 | Richboro,2128,2114,23612,11869,11701,3837,11911,8032,1924,745,11.1,5.58,48.85,50.27,32.79,67.43,38.72,4,2,2,8,2026,Advent Lutheran Church,45 Worthington Mill Rd Richboro PA 18954,Richboro,31010,31010-1,Northampton Twp. District 1
Afton Elementary School | 1673 Quarry Rd Yardley PA 19067 | Yardley,6907,6842,75110,35348,37110,10217,38000,25131,6085,2179,10.87,5.12,45.96,47.06,27.53,66.13,35.81,20,10,14,44,2026,Afton Elementary School,1673 Quarry Rd Yardley PA 19067,Yardley,20011; 20012; 20013,20011-1; 20012-1; 20013-1,Lower Makefield Twp. North 1; Lower Makefield Twp. North 2; Lower Makefield Twp. North 3
American Legion Post #440 | 41 Linden Ave Newtown PA 18940 | Newtown,1997,1974,21437,10291,10578,2981,10859,7310,1734,644,10.73,5.15,46.88,48.01,28.18,67.32,37.14,6,2,6,14,2026,American Legion Post #440,41 Linden Ave Newtown PA 18940,Newtown,29020,29020-1,Newtown Twp. District 2
Anchor Presbyterian Church | 980 Durham Rd Newtown PA 18940 | Wrightstown,2739,2713,29838,14350,14745,4341,15093,10009,2417,846,10.89,5.24,46.62,48.09,29.44,66.32,35.0,4,5,7,16,2026,Anchor Presbyterian Church,980 Durham Rd Newtown PA 18940,Wrightstown,53000,53000-1,Wrightstown Twp.
Ancient Order of the Hibernians | 614 Corson St Bristol PA 19007 | Bristol,1571,1556,17134,6021,8479,1832,8655,4189,1392,300,10.91,3.83,34.11,35.14,21.61,48.4,21.55,6,5,0,11,2026,Ancient Order of the Hibernians,614 Corson St Bristol PA 19007,Bristol,04011; 04012,04011-1; 04012-1,Bristol Borough North 1; Bristol Borough North 2
"Ann's Choice Senior Living Community | 30000 Anns Choice Way, Warminster, PA 18974 | Warminster",2648,2625,29768,17125,14793,6814,14975,10311,2431,1213,11.24,6.47,57.15,57.53,46.06,68.85,49.9,4,5,7,16,2026,Ann's Choice Senior Living Community,"30000 Anns Choice Way, Warminster, PA 18974",Warminster,49140,49140-1,Warminster Twp. District 14
Ascension Lutheran Church | 900 Washington Crossing Rd Newtown PA 18940 | Newtown,4150,4107,45109,23030,22292,7150,22817,15880,3654,1464,10.87,5.55,50.13,51.05,32.07,69.6,40.07,11,6,9,26,2026,Ascension Lutheran Church,900 Washington Crossing Rd Newtown PA 18940,Newtown,47020; 47040,47020-1; 47040-1,Upper Makefield Twp. District 2; Upper Makefield Twp. District 4
Beechwood Neuro Rehab | 469 E Maple Ave Langhorne PA 19047 | Langhorne,1966,1947,21328,11242,10554,3787,10774,7455,1731,739,10.85,5.72,52.41,52.71,35.88,69.19,42.69,6,3,3,12,2026,Beechwood Neuro Rehab,469 E Maple Ave Langhorne PA 19047,Langhorne,22250,22250-1,Middletown Twp. Upper 5
Belmont Hills Elementary School | 5000 Neshaminy Blvd Bensalem PA 19020 | Bensalem,5191,5122,55069,20419,27157,5826,27912,14593,4438,1088,10.61,3.93,35.71,37.08,21.45,52.28,24.52,16,20,5,41,2026,Belmont Hills Elementary School,5000 Neshaminy Blvd Bensalem PA 19020,Bensalem,02054; 02057; 02058; 02062,02054-1; 02057-1; 02058-1; 02062-1,Bensalem Twp. Upper 12; Bensalem Twp. Upper 4; Bensalem Twp. Upper 7; Bensalem Twp. Upper 8
Ben Franklin Middle School | 6403 Mill Creek Rd Levittown PA 19057 | Levittown,1452,1426,15576,5808,7691,1606,7885,4202,1261,314,10.73,4.0,36.12,37.29,20.88,53.29,24.9,9,7,5,21,2026,Ben Franklin Middle School,6403 Mill Creek Rd Levittown PA 19057,Levittown,05081,05081-1,Bristol Twp. 8 - 1
Benjamin H. Wilson Senior Center | 580 Delmont Ave Warminster PA 18974 | Warminster,2980,2969,33604,17074,16670,5886,16934,11188,2763,1139,11.28,5.73,49.52,50.81,35.31,66.07,41.22,4,2,0,6,2026,Benjamin H. Wilson Senior Center,580 Delmont Ave Warminster PA 18974,Warminster,49080; 49120,49080-1; 49120-1,Warminster Twp. District 12; Warminster Twp. District 8
Bensalem High School | 4319 Hulmeville Rd Bensalem PA 19020 | Bensalem,4820,4775,52661,22857,26054,6875,26607,15982,4286,1333,10.93,4.74,42.09,43.4,26.39,60.07,31.1,15,9,7,31,2026,Bensalem High School,4319 Hulmeville Rd Bensalem PA 19020,Bensalem,02015; 02016; 02018,02015-1; 02016-1; 02018-1,Bensalem Twp. Lower East 5; Bensalem Twp. Lower East 6; Bensalem Twp. Lower East 8
Blooming Glen Mennonite church | 713 Blooming Glen Rd Blooming Glen PA 18911 | Blooming Glen,2029,2018,22751,11505,11265,3723,11486,7782,1866,750,11.21,5.67,49.41,50.57,33.05,67.75,40.19,2,4,1,7,2026,Blooming Glen Mennonite church,713 Blooming Glen Rd Blooming Glen PA 18911,Blooming Glen,15011,15011-1,Hilltown Twp. Blooming Glen 1
Boy Scout Council | 1 Scout Way Doylestown PA 18901 | Doylestown,914,904,9976,4787,4937,1561,5039,3226,807,280,10.91,5.24,46.82,47.99,31.62,64.02,34.7,3,3,1,7,2026,Boy Scout Council,1 Scout Way Doylestown PA 18901,Doylestown,08032,08032-1,Doylestown Borough 3 - 2
Bridgeton Twp Building | 1370 Bridgeton Hill Rd Upper Black Eddy PA 18972 | Upper Black Eddy,996,979,10702,4971,5291,1556,5411,3415,879,336,10.74,4.99,44.88,46.45,29.41,63.11,38.23,5,4,5,14,2026,Bridgeton Twp Building,1370 Bridgeton Hill Rd Upper Black Eddy PA 18972,Upper Black Eddy,03000,03000-1,Bridgeton Twp.
Bristol Borough Junior/Senior High School | 1801 Wilson Ave Bristol PA 19007 | Bristol,2180,2161,23950,11002,11866,3928,12084,7074,1959,646,10.99,5.05,44.63,45.94,33.1,58.54,32.98,6,4,3,13,2026,Bristol Borough Junior/Senior High School,1801 Wilson Ave Bristol PA 19007,Bristol,04021; 04022,04021-1; 04022-1,Bristol Borough East 1; Bristol Borough East 2
Bristol Township Municipal Building | 2501 Bath Rd Bristol PA 19007 | Levittown,2302,2262,24595,8276,12154,2252,12441,6024,1995,456,10.68,3.6,32.4,33.65,18.53,48.42,22.86,10,8,8,26,2026,Bristol Township Municipal Building,2501 Bath Rd Bristol PA 19007,Levittown,05031; 05032,05031-1; 05032-1,Bristol Twp. 3 - 1; Bristol Twp. 3 - 2
Brookwood Elem School | 2200 Haines Rd Levittown PA 19055 | Levittown,4309,4249,46482,16952,22980,4717,23502,12235,3762,976,10.79,3.93,35.44,36.47,20.53,52.06,25.94,20,13,11,44,2026,Brookwood Elem School,2200 Haines Rd Levittown PA 19055,Levittown,05071; 05111; 05112,05071-1; 05111-1; 05112-1,Bristol Twp. 11 - 1; Bristol Twp. 11 - 2; Bristol Twp. 7 - 1
Buckingham Springs Clubhouse | 1490 Durham Rd New Hope PA 18938 | New Hope,1572,1557,17381,9364,8609,3247,8772,6117,1420,630,11.06,5.96,53.64,53.87,37.72,69.73,44.37,2,3,1,6,2026,Buckingham Springs Clubhouse,1490 Durham Rd New Hope PA 18938,New Hope,06012,06012-1,Buckingham Twp. Lower 2
Buckingham Township Building | 4613 Hughesian Dr Buckingham PA 18912 | Buckingham,4000,3948,42892,21059,21163,6462,21729,14597,3447,1198,10.72,5.26,47.86,49.1,30.53,67.18,34.75,15,16,9,40,2026,Buckingham Township Building,4613 Hughesian Dr Buckingham PA 18912,Buckingham,06021; 06022,06021-1; 06022-1,Buckingham Twp. Middle 1; Buckingham Twp. Middle 2
Bucks County Bar Association | 135 E State St Doylestown PA 18901 | Doylestown,1114,1100,12199,6922,6041,2391,6158,4531,991,427,10.95,6.21,55.68,56.74,39.58,73.58,43.09,4,4,1,9,2026,Bucks County Bar Association,135 E State St Doylestown PA 18901,Doylestown,08011,08011-1,Doylestown Borough 1 - 1
Bucks County Community College - Lower Bucks | 1304 Veterans Hwy Bristol PA 19007 | Bristol,4339,4265,45709,14936,22537,3981,23172,10955,3683,818,10.53,3.44,31.52,32.68,17.66,47.28,22.21,22,15,7,44,2026,Bucks County Community College - Lower Bucks,1304 Veterans Hwy Bristol PA 19007,Bristol,05033; 05041; 05042,05033-1; 05041-1; 05042-1,Bristol Twp. 3 - 3; Bristol Twp. 4 - 1; Bristol Twp. 4 - 2
Bucks County Community College - Lower Bucks | 1304 Veterans Hwy Bristol PA 19007 | Briston,1085,1070,11707,3895,5786,1084,5921,2811,954,241,10.79,3.59,31.94,33.27,18.73,47.48,25.26,6,5,1,12,2026,Bucks County Community College - Lower Bucks,1304 Veterans Hwy Bristol PA 19007,Briston,05043,05043-1,Bristol Twp. 4 - 3
Bucks County Community College - Upper Bucks | 1 Hillendale Rd Perkasie PA 18944 | Perkasie,4516,4468,49423,22317,24438,6643,24985,15674,4017,1304,10.94,4.94,43.89,45.16,27.18,62.73,32.46,8,20,9,37,2026,Bucks County Community College - Upper Bucks,1 Hillendale Rd Perkasie PA 18944,Perkasie,12010; 12020,12010-1; 12020-1,East Rockhill Twp. District 1; East Rockhill Twp. District 2
Bucks County Free Library Bensalem Branch | 3700 Hulmeville Rd Bensalem PA 19020 | Bensalem,2491,2459,24851,6892,12200,1644,12651,5248,1943,345,9.98,2.77,26.52,27.73,13.48,41.48,17.76,15,1,4,20,2026,Bucks County Free Library Bensalem Branch,3700 Hulmeville Rd Bensalem PA 19020,Bensalem,02024; 02025,02024-1; 02025-1,Bensalem Twp. Lower Middle 4; Bensalem Twp. Lower Middle 5
Bucks County Free Library | 7311 New Falls Rd Levittown PA 19055 | Levittown,975,952,10161,3602,5004,977,5157,2625,817,203,10.42,3.69,34.03,35.45,19.52,50.9,24.85,6,2,3,11,2026,Bucks County Free Library,7311 New Falls Rd Levittown PA 19055,Levittown,05061,05061-1,Bristol Twp. 6 - 1
Bucks County Government Services Center | 7321 New Falls Rd Levittown PA 19055 | Levittown,1759,1737,18797,6823,9287,1859,9510,4964,1511,408,10.69,3.88,34.76,36.3,20.02,52.2,27.0,8,6,3,17,2026,Bucks County Government Services Center,7321 New Falls Rd Levittown PA 19055,Levittown,05082,05082-1,Bristol Twp. 8 - 2
Bucks County Public Safety Training Center | 1760 S. Easton Road Doylestown PA 18901 | Doylestown,2728,2702,29922,15881,14801,5159,15121,10722,2427,960,10.97,5.82,51.77,53.07,34.86,70.91,39.56,5,4,4,13,2026,Bucks County Public Safety Training Center,1760 S. Easton Road Doylestown PA 18901,Doylestown,09030; 09040,09030-1; 09040-1,Doylestown Twp. District 3; Doylestown Twp. District 4
Bucks IU22 @ Samuel Everitt Elementary School | 145 Forsythia Dr S Levittown PA 19056 | Levittown,2773,2743,30499,14413,15096,4463,15403,9950,2489,917,11.0,5.2,46.09,47.26,29.56,64.6,36.84,6,1,11,18,2026,Bucks IU22 @ Samuel Everitt Elementary School,145 Forsythia Dr S Levittown PA 19056,Levittown,22050; 22100; 22120,22050-1; 22100-1; 22120-1,Middletown Twp. Lower 10; Middletown Twp. Lower 12; Middletown Twp. Lower 5
"Calvary Church of Souderton | 820 Pa-113, Souderton, PA 18964 | Souderton",2059,2037,22591,9293,11181,2686,11410,6607,1839,563,10.97,4.51,39.92,41.14,24.02,57.91,30.61,5,7,3,15,2026,Calvary Church of Souderton,"820 Pa-113, Souderton, PA 18964",Souderton,15021,15021-1,Hilltown Twp. Fairhill 1
Cecelia Snyder Middle School | 3330 Hulmeville Rd Bensalem PA 19020 | Bensalem,3232,3196,34838,13296,17221,4110,17617,9186,2828,757,10.78,4.11,36.69,38.17,23.87,52.14,26.77,11,6,7,24,2026,Cecelia Snyder Middle School,3330 Hulmeville Rd Bensalem PA 19020,Bensalem,02014; 02061,02014-1; 02061-1,Bensalem Twp. Lower East 4; Bensalem Twp. Upper 11
Central Bucks Community Senior Center Large Room | 700 N Shady Retreat Rd Doylestown PA 18901 | Doylestown,5022,4956,54253,26441,26816,8511,27437,17930,4370,1570,10.8,5.27,47.25,48.74,31.74,65.35,35.93,18,15,13,46,2026,Central Bucks Community Senior Center Large Room,700 N Shady Retreat Rd Doylestown PA 18901,Doylestown,09050; 09060,09050-1; 09060-1,Doylestown Twp. District 5; Doylestown Twp. District 6
Central Bucks High School East | 2804 Holicong Rd Doylestown PA 18902 | Doylestown,2571,2538,27864,14086,13746,4380,14118,9706,2260,799,10.84,5.48,49.59,50.55,31.86,68.75,35.35,4,11,4,19,2026,Central Bucks High School East,2804 Holicong Rd Doylestown PA 18902,Doylestown,06032,06032-1,Buckingham Twp. Upper 2
Central Bucks High School South | 1100 Folly Rd Warrington PA 18976 | Warrington,8439,8348,90643,40157,44727,11431,45916,28726,7325,2324,10.74,4.76,42.88,44.3,25.56,62.56,31.73,27,16,17,60,2026,Central Bucks High School South,1100 Folly Rd Warrington PA 18976,Warrington,50020; 50060; 50070,50020-1; 50060-1; 50070-1,Warrington Twp. District 2; Warrington Twp. District 6; Warrington Twp. District 7
Chalfont United Methodist Church | 11 Meadowbrook Ln Chalfont PA 18914 | Chalfont,3415,3377,37213,17184,18411,5238,18802,11946,3011,1037,10.9,5.03,44.91,46.18,28.45,63.54,34.44,12,8,6,26,2026,Chalfont United Methodist Church,11 Meadowbrook Ln Chalfont PA 18914,Chalfont,07000,07000-1,Chalfont Borough
Charles Boehm Middle School | 866 Big Oak Rd Yardley PA 19067 | Yardley,5343,5301,58393,27941,28869,8381,29524,19560,4736,1695,10.93,5.23,46.92,47.85,29.03,66.25,35.79,12,10,4,26,2026,Charles Boehm Middle School,866 Big Oak Rd Yardley PA 19067,Yardley,20024; 20029,20024-1; 20029-1,Lower Makefield Twp. South 4; Lower Makefield Twp. South 9
Churchville Elementary School | 100 New Rd Churchville PA 18966 | Churchville,1338,1328,14610,6717,7220,1928,7390,4789,1181,403,10.92,5.02,44.74,45.98,26.7,64.8,34.12,1,1,2,4,2026,Churchville Elementary School,100 New Rd Churchville PA 18966,Churchville,31020,31020-1,Northampton Twp. District 2
Cold Spring Elementary School | 4150 Durham Rd Doylestown PA 18902 | Doylestown,3446,3410,37300,18841,18418,5755,18882,13086,3009,1088,10.82,5.47,49.27,50.51,31.25,69.3,36.16,10,9,5,24,2026,Cold Spring Elementary School,4150 Durham Rd Doylestown PA 18902,Doylestown,06033; 06034,06033-1; 06034-1,Buckingham Twp. Upper 3; Buckingham Twp. Upper 4
Cornwell Elementary School | 2215 Hulmeville Rd Bensalem PA 19020 | Bensalem,1009,997,10927,4833,5404,1452,5523,3381,885,274,10.83,4.79,42.3,44.23,26.87,61.22,30.96,1,3,6,10,2026,Cornwell Elementary School,2215 Hulmeville Rd Bensalem PA 19020,Bensalem,02022,02022-1,Bensalem Twp. Lower Middle 2
Cornwells Elementary School | 2215 Hulmeville Rd Bensalem PA 19020 | Bensalem,1916,1894,21152,9366,10471,2769,10681,6597,1727,541,11.04,4.89,43.03,44.28,26.44,61.76,31.33,3,5,4,12,2026,Cornwells Elementary School,2215 Hulmeville Rd Bensalem PA 19020,Bensalem,02023,02023-1,Bensalem Twp. Lower Middle 3
Covenant Presbyterian Church | 4000 Route 202 Doylestown PA 18902 | Doylestown,2351,2320,25584,12990,12643,3996,12941,8994,2070,745,10.88,5.53,49.7,50.77,31.61,69.5,35.99,14,7,2,23,2026,Covenant Presbyterian Church,4000 Route 202 Doylestown PA 18902,Doylestown,06031,06031-1,Buckingham Twp. Upper 1
Deep Run Mennonite Church East | 350 Kellers Church Rd Perkasie PA 18944 | Perkasie,3000,2970,32832,15857,16245,4766,16587,11091,2671,1003,10.94,5.29,47.18,48.3,29.34,66.87,37.55,5,11,6,22,2026,Deep Run Mennonite Church East,350 Kellers Church Rd Perkasie PA 18944,Perkasie,01010,01010-1,Bedminster Twp. East
Deep Run Presbyterian Church | 16 Irish Meeting House Rd Perkasie Pa 18944 | Perkasie,2868,2842,31343,15372,15498,4614,15845,10758,2539,906,10.93,5.36,47.83,49.04,29.77,67.9,35.68,5,5,9,19,2026,Deep Run Presbyterian Church,16 Irish Meeting House Rd Perkasie Pa 18944,Perkasie,01020,01020-1,Bedminster Twp. West
Delaware Valley Fire Company | 75 Headquarters Rd Erwinna PA 18920 | Erwinna,1124,1113,12327,5982,6100,1752,6227,4230,1005,358,10.97,5.32,47.83,48.53,28.72,67.93,35.62,1,2,2,5,2026,Delaware Valley Fire Company,75 Headquarters Rd Erwinna PA 18920,Erwinna,44010,44010-1,Tinicum Twp. Delaware
Delaware valley Vietnam Veterans | 800 Coates Ave Bristol PA 19007 | Bristol,1380,1351,14763,5380,7302,1609,7461,3771,1199,328,10.7,3.9,35.43,36.44,22.04,50.54,27.36,10,5,3,18,2026,Delaware valley Vietnam Veterans,800 Coates Ave Bristol PA 19007,Bristol,05051,05051-1,Bristol Twp. 5 - 1
Doylestown Borough Hall Municipal Building | 10 Doyle St Doylestown PA 18901 | Doylestown,926,907,10147,5130,5024,1752,5123,3378,827,336,10.96,5.54,49.32,50.56,34.87,65.94,40.63,4,7,1,12,2026,Doylestown Borough Hall Municipal Building,10 Doyle St Doylestown PA 18901,Doylestown,08031,08031-1,Doylestown Borough 3 - 1
Doylestown Fire Company #1 | 68 Shewell Ave Doylestown PA 18901 | Doylestown,1163,1152,12538,6057,6195,1994,6343,4063,1010,365,10.78,5.21,46.95,48.31,32.19,64.05,36.14,3,3,0,6,2026,Doylestown Fire Company #1,68 Shewell Ave Doylestown PA 18901,Doylestown,08021,08021-1,Doylestown Borough 2 - 1
Doylestown Township Building | 425 Wells Rd Doylestown PA 18901 | Doylestown,3570,3532,39009,19893,19297,6334,19712,13559,3169,1193,10.93,5.57,49.89,51.0,32.82,68.79,37.65,6,10,6,22,2026,Doylestown Township Building,425 Wells Rd Doylestown PA 18901,Doylestown,09010; 09080,09010-1; 09080-1,Doylestown Twp. District 1; Doylestown Twp. District 8
Dublin Fire House | 194 N Main St Dublin PA 18917 | Dublin,1631,1614,17198,7022,8465,1955,8733,5067,1376,403,10.54,4.31,39.06,40.83,23.1,58.02,29.29,3,7,5,15,2026,Dublin Fire House,194 N Main St Dublin PA 18917,Dublin,10000,10000-1,Dublin Borough
Durham Township Building | 215 Old Furnace Rd Durham PA 18039 | Durham,953,942,10466,5076,5179,1577,5287,3499,856,331,10.98,5.33,47.15,48.5,30.45,66.18,38.67,2,2,1,5,2026,Durham Township Building,215 Old Furnace Rd Durham PA 18039,Durham,11000,11000-1,Durham Twp.
East Swamp church youth center | 2405 E Swamp Rd Quakertown PA 18951 | Quakertown,1403,1390,15321,6680,7579,2041,7742,4639,1241,407,10.92,4.76,42.72,43.6,26.93,59.92,32.8,2,2,2,6,2026,East Swamp church youth center,2405 E Swamp Rd Quakertown PA 18951,Quakertown,23020,23020-1,Milford Twp. Roseville
Edgewood Elementary School | 899 Oxford Valley Rd Morrisville PA 19067 | Yardley,3145,3125,34420,17142,17022,4998,17398,12144,2787,1012,10.94,5.45,48.46,49.8,29.36,69.8,36.31,7,2,4,13,2026,Edgewood Elementary School,899 Oxford Valley Rd Morrisville PA 19067,Yardley,20025; 20026; 20028,20025-1; 20026-1; 20028-1,Lower Makefield Twp. South 5; Lower Makefield Twp. South 6; Lower Makefield Twp. South 8
Eleanor Roosevelt Elementary School | 185 Walton Dr Morrisville PA 19067 | Morrisville,4795,4726,50538,19655,24912,5474,25626,14181,4071,1123,10.54,4.1,37.42,38.89,21.97,55.34,27.59,18,19,8,45,2026,Eleanor Roosevelt Elementary School,185 Walton Dr Morrisville PA 19067,Morrisville,13013; 13015; 13016,13013-1; 13015-1; 13016-1,Falls Twp. 1 - 3; Falls Twp. 1 - 5; Falls Twp. 1 - 6
Emmaus Road Lutheran Church | 2185 Bristol Oxford Valley Rd Levittown PA 19057 | Levittown,2641,2613,28707,11630,14185,3327,14522,8303,2339,681,10.87,4.4,39.27,40.51,23.45,57.18,29.12,8,3,5,16,2026,Emmaus Road Lutheran Church,2185 Bristol Oxford Valley Rd Levittown PA 19057,Levittown,22060; 22090,22060-1; 22090-1,Middletown Twp. Lower 6; Middletown Twp. Lower 9
Everett A. McDonald Elementary School | 666 Reeves Ln Warminster PA 18974 | Warminster,3234,3200,35189,15110,17411,4681,17778,10429,2847,931,10.88,4.67,41.43,42.94,26.89,58.66,32.7,12,6,4,22,2026,Everett A. McDonald Elementary School,666 Reeves Ln Warminster PA 18974,Warminster,49050; 49110,49050-1; 49110-1,Warminster Twp. District 11; Warminster Twp. District 5
Fallsington Elementary School | 134 Yardley Ave Fallsington PA 19054 | Fallsington,3785,3729,40009,13513,19744,3746,20265,9767,3227,732,10.57,3.57,32.49,33.77,18.97,48.2,22.68,18,15,7,40,2026,Fallsington Elementary School,134 Yardley Ave Fallsington PA 19054,Fallsington,13011; 13017,13011-1; 13017-1,Falls Twp. 1 - 1; Falls Twp. 1 - 7
Feasterville Fire House | 20 Irving Pl Feasterville Trevose PA 19053 | Feasterville,1371,1360,14615,5703,7212,1580,7403,4123,1175,330,10.66,4.16,37.39,39.02,21.91,55.69,28.09,2,4,2,8,2026,Feasterville Fire House,20 Irving Pl Feasterville Trevose PA 19053,Feasterville,21026,21026-1,Lower Southampton Twp. West 6
First Church of the Brethren | 455 Trumbauersville Rd Quakertown PA 18951 | Quakertown,2456,2431,26381,10317,13036,2802,13345,7515,2134,581,10.74,4.2,37.62,39.11,21.49,56.31,27.23,6,6,4,16,2026,First Church of the Brethren,455 Trumbauersville Rd Quakertown PA 18951,Quakertown,36040,36040-1,Richland Twp. District 4
First United Church of Christ | 151 S 4th St Quakertown PA 18951 | Quakertown,834,823,8725,2849,4306,791,4419,2058,697,164,10.46,3.42,31.09,32.65,18.37,46.57,23.53,3,3,2,8,2026,First United Church of Christ,151 S 4th St Quakertown PA 18951,Quakertown,35020,35020-1,Quakertown Borough 2nd Ward
Forest Grove Presbyterian Church | 1856 Forest Grove Rd Forest Grove PA 18922 | Forest Grove,3274,3238,34825,15948,17161,4566,17664,11382,2798,900,10.64,4.87,44.51,45.79,26.61,64.44,32.17,11,5,4,20,2026,Forest Grove Presbyterian Church,1856 Forest Grove Rd Forest Grove PA 18922,Forest Grove,06011,06011-1,Buckingham Twp. Lower 1
Forrest Lodge VFW | 2118 Old Bethlehem Pike Sellersville PA 18960 | Sellersville,2689,2669,29864,13978,14809,4510,15055,9468,2433,885,11.11,5.2,45.62,46.81,30.45,62.89,36.37,5,6,5,16,2026,Forrest Lodge VFW,2118 Old Bethlehem Pike Sellersville PA 18960,Sellersville,52020,52020-1,West Rockhill Twp. Rockhill
Goodnoe Elementary School | 298 Frost Ln Newtown PA 18940 | Newtown,4250,4219,46535,22635,23010,6861,23525,15774,3777,1446,10.95,5.33,47.48,48.64,29.82,67.05,38.28,7,4,4,15,2026,Goodnoe Elementary School,298 Frost Ln Newtown PA 18940,Newtown,29030; 29060,29030-1; 29060-1,Newtown Twp. District 3; Newtown Twp. District 6
Grace Bible Fellowship Church | 1811 N Old Bethlehem Pike Quakertown PA 18951 | Quakertown,1692,1668,18164,6666,8979,1940,9185,4726,1469,387,10.74,3.94,35.65,36.7,21.61,51.45,26.34,7,7,4,18,2026,Grace Bible Fellowship Church,1811 N Old Bethlehem Pike Quakertown PA 18951,Quakertown,36030,36030-1,Richland Twp. District 3
Grace Community Church | 300 Highpoint Dr Chalfont PA 18914 | Chalfont,1669,1656,18152,8557,8973,2541,9179,6016,1470,503,10.88,5.13,45.74,47.14,28.32,65.54,34.22,4,4,1,9,2026,Grace Community Church,300 Highpoint Dr Chalfont PA 18914,Chalfont,26021,26021-1,New Britain Twp. West 1
Grandview Elementary School | 80 Grandview Ave Morrisville PA 19067 | Morrisville,1692,1656,17253,5893,8494,1543,8759,4350,1371,313,10.2,3.48,32.5,34.16,18.17,49.66,22.83,11,7,2,20,2026,Grandview Elementary School,80 Grandview Ave Morrisville PA 19067,Morrisville,24040,24040-1,Morrisville Borough 4th Ward
Grundy Hall | 1290 Almshouse Rd Doylestown PA 18901 | Doylestown,1632,1611,17830,8573,8834,2752,8996,5821,1444,525,10.93,5.25,47.11,48.08,31.15,64.71,36.36,7,5,2,14,2026,Grundy Hall,1290 Almshouse Rd Doylestown PA 18901,Doylestown,09070,09070-1,Doylestown Twp. District 7
Grundy House | 1611 Park Ave Quakertown PA 18951 | Quakertown,1285,1259,13736,5582,6789,1707,6947,3875,1114,341,10.69,4.34,39.14,40.64,25.14,55.78,30.61,6,9,6,21,2026,Grundy House,1611 Park Ave Quakertown PA 18951,Quakertown,35012,35012-1,Quakertown Borough 1 - 2
Harry S Truman High School | 3001 Green Ln Levittown PA 19057 | Levittown,4714,4644,50105,17423,24735,4978,25370,12445,4046,1009,10.63,3.7,33.47,34.77,20.13,49.05,24.94,15,21,11,47,2026,Harry S Truman High School,3001 Green Ln Levittown PA 19057,Levittown,05023; 05063; 05101; 05102; 05103,05023-1; 05063-1; 05101-1; 05102-1; 05103-1,Bristol Twp. 10 - 1; Bristol Twp. 10 - 2; Bristol Twp. 10 - 3; Bristol Twp. 2 - 3; Bristol Twp. 6 - 3
Haycock Township Community Center | 1014 Old Bethlehem Rd Quakertown PA 18951 | Quakertown,1794,1783,20139,10081,9991,3307,10148,6774,1650,660,11.23,5.62,49.06,50.06,33.1,66.75,40.0,1,4,2,7,2026,Haycock Township Community Center,1014 Old Bethlehem Rd Quakertown PA 18951,Quakertown,14000,14000-1,Haycock Twp.
Herbert Hoover Elementary School | 501 Trenton Rd Langhorne PA 19047 | Langhorne,5484,5411,58235,20607,28731,5806,29504,14801,4674,1209,10.62,3.76,34.43,35.39,20.21,50.17,25.87,29,14,8,51,2026,Herbert Hoover Elementary School,501 Trenton Rd Langhorne PA 19047,Langhorne,22020; 22130,22020-1; 22130-1,Middletown Twp. Lower 13; Middletown Twp. Lower 2
Hillcrest Elementary School | 420 E Holland Rd Southampton PA 18966 | Southampton,1350,1342,15042,6408,7453,1796,7589,4612,1229,384,11.14,4.75,41.48,42.6,24.1,60.77,31.24,4,2,1,7,2026,Hillcrest Elementary School,420 E Holland Rd Southampton PA 18966,Southampton,31030,31030-1,Northampton Twp. District 3
Hilltown Baptist Church | 26 Upper Church Rd Chalfont PA 18914 | Chalfont,2416,2398,26539,12536,13124,3830,13415,8706,2159,802,10.98,5.19,45.77,47.24,29.18,64.9,37.15,4,3,4,11,2026,Hilltown Baptist Church,26 Upper Church Rd Chalfont PA 18914,Chalfont,15030,15030-1,Hilltown Twp. Hilltown
Hilltown Township Municipal Building | 13 W Creamery Rd Hilltown Township PA 18927 | Hilltown,3963,3917,42683,18339,21093,5262,21590,13077,3447,1039,10.77,4.63,41.66,42.97,24.95,60.57,30.14,9,17,7,33,2026,Hilltown Township Municipal Building,13 W Creamery Rd Hilltown Township PA 18927,Hilltown,15012; 15013,15012-1; 15013-1,Hilltown Twp. Blooming Glen 2; Hilltown Twp. Blooming Glen 3
Holland Elementary School | 597 Beverly Rd Holland PA 18966 | Holland,1940,1932,21460,10084,10615,2985,10845,7099,1745,614,11.06,5.2,45.77,46.99,28.12,65.46,35.19,1,1,2,4,2026,Holland Elementary School,597 Beverly Rd Holland PA 18966,Holland,31050,31050-1,Northampton Twp. District 5
Holland Elementary School | 597 Beverly Rd Holland PA 18966 | Richboro,2145,2132,23522,10484,11634,3045,11888,7439,1905,670,10.97,4.89,43.32,44.57,26.17,62.58,35.17,3,1,4,8,2026,Holland Elementary School,597 Beverly Rd Holland PA 18966,Richboro,31060,31060-1,Northampton Twp. District 6
Holland Middle School | 400 E Holland Rd Holland PA 18966 | Holland,1802,1792,19773,9847,9785,3119,9988,6728,1603,639,10.97,5.46,48.54,49.8,31.88,67.36,39.86,2,4,1,7,2026,Holland Middle School,400 E Holland Rd Holland PA 18966,Holland,31090,31090-1,Northampton Twp. District 9
Ivyland Presbyterian Church | 51 Gough Ave Ivyland PA 18974 | Ivyland,702,698,7676,3502,3801,1109,3875,2393,622,203,10.93,4.99,44.04,45.62,29.18,61.75,32.64,1,1,2,4,2026,Ivyland Presbyterian Church,51 Gough Ave Ivyland PA 18974,Ivyland,17000,17000-1,Ivyland Borough
Joseph E. Hanusey III Community Center | 4757 Gordon Rd Doylestown PA 18902 | Doylestown,2748,2718,29612,12996,14618,3745,14994,9251,2392,742,10.78,4.73,42.66,43.89,25.62,61.7,31.02,7,8,8,23,2026,Joseph E. Hanusey III Community Center,4757 Gordon Rd Doylestown PA 18902,Doylestown,34040,34040-1,Plumstead Twp. District 4
Joseph Ferderbar Elementary School | 300 Heights Ln Feasterville-Trevose PA 19053 | Feasterville,1881,1861,20065,7840,9906,2234,10159,5606,1617,442,10.67,4.17,37.33,39.07,22.55,55.18,27.33,4,7,5,16,2026,Joseph Ferderbar Elementary School,300 Heights Ln Feasterville-Trevose PA 19053,Feasterville,21024; 21025,21024-1; 21025-1,Lower Southampton Twp. West 4; Lower Southampton Twp. West 5
Keystone Elementary School | 1800 Keystone Street Croydon PA 19021 | Croydon,2280,2255,24334,8131,12016,2273,12318,5858,1967,465,10.67,3.57,32.44,33.41,18.92,47.56,23.64,12,5,2,19,2026,Keystone Elementary School,1800 Keystone Street Croydon PA 19021,Croydon,05012; 05013,05012-1; 05013-1,Bristol Twp. 1 - 2; Bristol Twp. 1 - 3
Kings Library Church of the Redeemer | 1065 Bristol Pike Bensalem PA 19020 | Bensalem,1482,1460,16172,6130,8007,1846,8165,4284,1317,366,10.91,4.14,36.5,37.91,23.05,52.47,27.79,5,7,3,15,2026,Kings Library Church of the Redeemer,1065 Bristol Pike Bensalem PA 19020,Bensalem,02040,02040-1,Bensalem Twp. Upper West
Klinger Middle School | 1415 2nd Street Pike Southampton PA 18966 | Southampton,1031,1021,11633,5218,5777,1535,5856,3683,957,347,11.28,5.06,43.76,44.86,26.57,62.89,36.26,2,0,3,5,2026,Klinger Middle School,1415 2nd Street Pike Southampton PA 18966,Southampton,48022,48022-1,Upper Southampton Twp. North 2
Langhorne Manor Municipal Building | 618 Hulmeville Ave Langhorne PA 19047 | Langhorne,776,767,8461,4336,4189,1460,4272,2876,690,280,10.9,5.59,49.39,51.25,34.85,67.32,40.58,4,2,1,7,2026,Langhorne Manor Municipal Building,618 Hulmeville Ave Langhorne PA 19047,Langhorne,19000,19000-1,Langhorne Manor Boro
Lenape Valley Presbyterian Church | 321 W Butler Ave New Britain PA 18901 | New Britain,1929,1901,21127,9948,10461,3058,10666,6890,1719,610,10.95,5.16,46.01,47.09,29.23,64.6,35.49,5,8,4,17,2026,Lenape Valley Presbyterian Church,321 W Butler Ave New Britain PA 18901,New Britain,25000,25000-1,New Britain Borough
Log College Middle School | 730 N Norristown Rd Warminster PA 18974 | Warminster,2399,2385,26400,12343,13071,3978,13329,8365,2146,766,11.0,5.15,45.29,46.75,30.43,62.76,35.69,4,1,2,7,2026,Log College Middle School,730 N Norristown Rd Warminster PA 18974,Warminster,49090; 49150,49090-1; 49150-1,Warminster Twp. District 15; Warminster Twp. District 9
Lower Makefield Township Building | 1100 Edgewood Rd Yardley PA 19067 | Yardley,1674,1659,18356,9231,9083,2774,9273,6457,1492,571,10.97,5.51,49.25,50.29,30.54,69.63,38.27,9,2,0,11,2026,Lower Makefield Township Building,1100 Edgewood Rd Yardley PA 19067,Yardley,20014,20014-1,Lower Makefield Twp. North 4
Lower Southampton Early Learning Center | 7 School Ln Feasterville Trevose PA 19053 | Feasterville,1603,1584,17239,7401,8516,2182,8723,5219,1400,435,10.75,4.62,41.41,42.93,25.62,59.83,31.07,6,3,3,12,2026,Lower Southampton Early Learning Center,7 School Ln Feasterville Trevose PA 19053,Feasterville,21011,21011-1,Lower Southampton Twp. East 1
Makefield Elementary School | 1939 Makefield Rd Yardley PA 19067 | Yardley,2995,2953,32005,15386,15802,4676,16203,10710,2569,960,10.69,5.14,46.89,48.07,29.59,66.1,37.37,12,13,5,30,2026,Makefield Elementary School,1939 Makefield Rd Yardley PA 19067,Yardley,20021; 20023,20021-1; 20023-1,Lower Makefield Twp. South 1; Lower Makefield Twp. South 3
Manor Elementary School | 401 Penn Valley Rd Levittown PA 19054 | Levittown,2594,2572,28210,11867,13954,3554,14256,8313,2285,699,10.88,4.57,40.93,42.07,25.47,58.31,30.59,8,4,4,16,2026,Manor Elementary School,401 Penn Valley Rd Levittown PA 19054,Levittown,13043; 13046; 13047,13043-1; 13046-1; 13047-1,Falls Twp. 4 - 3; Falls Twp. 4 - 6; Falls Twp. 4 - 7
Maple Point Middle School | 2250 Langhorne Yardley Rd Langhorne PA 19047 | Langhorne,4653,4602,51035,24630,25259,7599,25776,17031,4150,1614,10.97,5.29,46.93,48.26,30.08,66.07,38.89,9,15,7,31,2026,Maple Point Middle School,2250 Langhorne Yardley Rd Langhorne PA 19047,Langhorne,22260; 22270; 22280,22260-1; 22270-1; 22280-1,Middletown Twp. Upper 6; Middletown Twp. Upper 7; Middletown Twp. Upper 8
"Maple Point Middle School | 2250 Langhorne Yardley Road, Langhorne, PA 19047 | Langhorne",2617,2584,28800,13336,14262,4163,14538,9173,2344,887,11.0,5.1,45.42,46.31,29.19,63.1,37.84,5,6,11,22,2026,Maple Point Middle School,"2250 Langhorne Yardley Road, Langhorne, PA 19047",Langhorne,22230,22230-1,Middletown Twp. Upper 3
Maureen W. Welch Elementary School | 750 New Rd Churchville PA 18966 | Churchville,3935,3903,42971,19580,21237,5916,21734,13664,3483,1215,10.92,4.98,44.25,45.57,27.86,62.87,34.88,5,9,6,20,2026,Maureen W. Welch Elementary School,750 New Rd Churchville PA 18966,Churchville,31040; 31080,31040-1; 31080-1,Northampton Twp. District 4; Northampton Twp. District 8
"Merck, Sharpe & Dohme Federal Credit Union | 335 West Butler Avenue, Chalfont, PA 18914 | Chalfont",1752,1744,19153,8841,9466,2572,9687,6269,1545,496,10.93,5.05,44.86,46.16,27.17,64.72,32.1,2,1,2,5,2026,"Merck, Sharpe & Dohme Federal Credit Union","335 West Butler Avenue, Chalfont, PA 18914",Chalfont,26022,26022-1,New Britain Twp. West 2
Middletown Senior Citizens Association | 2142 Trenton Rd Levittown PA 19056 | Levittown,1242,1231,13713,5656,6792,1534,6921,4122,1122,318,11.04,4.55,39.86,41.25,22.59,59.56,28.34,5,2,1,8,2026,Middletown Senior Citizens Association,2142 Trenton Rd Levittown PA 19056,Levittown,22080,22080-1,Middletown Twp. Lower 8
Middletown Township Building | 3 Municipal Way Langhorne PA 19047 | Langhorne,3256,3212,35780,18407,17731,6319,18049,12088,2919,1254,10.99,5.65,50.05,51.44,35.64,66.97,42.96,10,11,7,28,2026,Middletown Township Building,3 Municipal Way Langhorne PA 19047,Langhorne,22210; 22290,22210-1; 22290-1,Middletown Twp. Upper 1; Middletown Twp. Upper 9
Milford Township Building | 2100 Krammes Rd Quakertown PA 18951 | Quakertown,2318,2301,25324,10390,12521,3035,12803,7355,2053,592,10.92,4.48,39.68,41.03,24.24,57.45,28.84,2,6,3,11,2026,Milford Township Building,2100 Krammes Rd Quakertown PA 18951,Quakertown,23030,23030-1,Milford Twp. Shelly
Mill Creek Elem School | 6501 Mill Creek Rd Levittown PA 19057 | Levittown,3872,3781,40228,12988,19850,3632,20378,9356,3228,728,10.39,3.35,31.09,32.29,18.3,45.91,22.55,26,18,13,57,2026,Mill Creek Elem School,6501 Mill Creek Rd Levittown PA 19057,Levittown,05052; 05062; 05072,05052-1; 05062-1; 05072-1,Bristol Twp. 5 - 2; Bristol Twp. 6 - 2; Bristol Twp. 7 - 2
Morrisville High School | 550 W Palmer St Morrisville PA 19067 | Morrisville,1557,1542,16672,7246,8231,2160,8441,5086,1345,420,10.71,4.65,41.88,43.46,26.24,60.25,31.23,5,3,2,10,2026,Morrisville High School,550 W Palmer St Morrisville PA 19067,Morrisville,24030,24030-1,Morrisville Borough 3rd Ward
Morrisville Library Building | 300 N Pennsylvania Ave Morrisville PA 19067 | Morrisville,1654,1638,17624,6330,8704,1735,8920,4595,1425,319,10.66,3.83,34.32,35.92,19.93,51.51,22.39,4,6,1,11,2026,Morrisville Library Building,300 N Pennsylvania Ave Morrisville PA 19067,Morrisville,24020,24020-1,Morrisville Borough 2nd Ward
Morrisville Senior Citizens Center | 31 E Cleveland Ave Morrisville PA 19067 | Morrisville,1392,1378,14880,5205,7354,1410,7526,3795,1202,249,10.69,3.74,33.84,34.98,19.17,50.43,20.72,4,7,0,11,2026,Morrisville Senior Citizens Center,31 E Cleveland Ave Morrisville PA 19067,Morrisville,24010,24010-1,Morrisville Borough 1st Ward
Mumbauersville Rod & Gun Club | 1911 Klines Mill Rd Pennsburg PA 18073 | Pennsburg,1087,1082,12171,5906,6032,1879,6139,4027,996,410,11.2,5.43,47.45,48.53,31.15,65.6,41.16,2,0,1,3,2026,Mumbauersville Rod & Gun Club,1911 Klines Mill Rd Pennsburg PA 18073,Pennsburg,23010,23010-1,Milford Twp. Roeder
Neidig Elementary School | 201 N Penrose St Quakertown PA 18951 | Quakertown,1573,1555,16792,6484,8283,1889,8509,4595,1355,351,10.68,4.12,37.33,38.61,22.81,54.0,25.9,3,4,6,13,2026,Neidig Elementary School,201 N Penrose St Quakertown PA 18951,Quakertown,35030,35030-1,Quakertown Borough 3rd Ward
Neil A. Armstrong Middle School | 475 Wistar Rd Fairless Hills PA 19030 | Fairless Hills,4861,4802,52663,20080,26042,5742,26621,14338,4274,1171,10.83,4.13,36.87,38.13,22.05,53.86,27.4,19,13,11,43,2026,Neil A. Armstrong Middle School,475 Wistar Rd Fairless Hills PA 19030,Fairless Hills,05091; 05092; 05093,05091-1; 05092-1; 05093-1,Bristol Twp. 9 - 1; Bristol Twp. 9 - 2; Bristol Twp. 9 - 3
Neshaminy High School | 2001 Old Lincoln Hwy Langhorne PA 19047 | Langhorne,3427,3405,37568,16983,18589,5038,18979,11945,3043,1060,10.96,4.96,43.7,45.21,27.1,62.94,34.83,4,8,3,15,2026,Neshaminy High School,2001 Old Lincoln Hwy Langhorne PA 19047,Langhorne,22220; 22240,22220-1; 22240-1,Middletown Twp. Upper 2; Middletown Twp. Upper 4
Neshaminy Senior Center | 1842 Brownsville Rd Feasterville Trevose PA 19053 | Trevose,1537,1525,16684,7286,8249,2174,8435,5112,1346,453,10.85,4.74,42.23,43.67,26.35,60.6,33.66,4,2,0,6,2026,Neshaminy Senior Center,1842 Brownsville Rd Feasterville Trevose PA 19053,Trevose,21014,21014-1,Lower Southampton Twp. East 4
New Britain Township Building | 207 Park Avenue Chalfont PA 18914 | New Britain,2325,2312,25915,12855,12835,4061,13080,8794,2111,791,11.15,5.53,48.38,49.6,31.64,67.23,37.47,1,6,4,11,2026,New Britain Township Building,207 Park Avenue Chalfont PA 18914,New Britain,26010,26010-1,New Britain Twp. East
New Hope Borough Community Room | 125 New St New Hope PA 18938 | New Hope,2352,2321,24627,11892,12120,3708,12507,8184,1969,681,10.47,5.06,46.93,48.29,30.59,65.44,34.59,6,9,3,18,2026,New Hope Borough Community Room,125 New St New Hope PA 18938,New Hope,27000,27000-1,New Hope Borough
Newportville Fire Company #1 | 2425 New Falls Rd Newportville PA 19056 | Newportville,2179,2146,22704,6818,11202,1737,11502,5081,1818,362,10.42,3.13,28.84,30.03,15.51,44.17,19.91,7,9,2,18,2026,Newportville Fire Company #1,2425 New Falls Rd Newportville PA 19056,Newportville,05021; 05022,05021-1; 05022-1,Bristol Twp. 2 - 1; Bristol Twp. 2 - 2
Newtown Fire Station | 14 Liberty St Newtown PA 18940 | Newtown,993,982,10987,6148,5444,2095,5543,4053,898,410,11.06,6.19,55.0,55.96,38.48,73.12,45.66,3,1,1,5,2026,Newtown Fire Station,14 Liberty St Newtown PA 18940,Newtown,28010,28010-1,Newtown Borough 1st Ward
Newtown Grant Homeowners Assoc Rec Center | 360 Eagle Rd Newtown PA 18940 | Newtown,2402,2382,26301,13125,13004,3911,13297,9214,2133,807,10.95,5.46,48.93,49.9,30.08,69.29,37.83,3,5,1,9,2026,Newtown Grant Homeowners Assoc Rec Center,360 Eagle Rd Newtown PA 18940,Newtown,29070,29070-1,Newtown Twp. District 7
Newtown Joint Municipal Authority | 15 S Congress St Newtown PA 18940 | Newtown,1088,1080,11942,6275,5909,1992,6033,4283,971,393,10.98,5.77,51.08,52.55,33.71,70.99,40.47,2,1,2,5,2026,Newtown Joint Municipal Authority,15 S Congress St Newtown PA 18940,Newtown,28020,28020-1,Newtown Borough 2nd Ward
Newtown Middle School | 116 Richboro Rd Newtown PA 18940 | Newtown,2430,2408,26409,12619,13053,3824,13356,8795,2142,804,10.87,5.19,46.55,47.78,29.3,65.85,37.54,8,7,4,19,2026,Newtown Middle School,116 Richboro Rd Newtown PA 18940,Newtown,29010; 29040,29010-1; 29040-1,Newtown Twp. District 1; Newtown Twp. District 4
Newtown Reformed Church | 206 Buck Road Newtown PA 18940 | Newtown,1689,1673,18646,8803,9230,2737,9416,6066,1519,571,11.04,5.21,46.15,47.21,29.65,64.42,37.59,4,5,5,14,2026,Newtown Reformed Church,206 Buck Road Newtown PA 18940,Newtown,29050,29050-1,Newtown Twp. District 5
Newtown Township Building | 100 Municipal Dr Newtown PA 18940 | Newtown,2983,2950,32203,14662,15899,4284,16304,10378,2594,906,10.8,4.92,44.24,45.53,26.95,63.65,34.93,10,5,9,24,2026,Newtown Township Building,100 Municipal Dr Newtown PA 18940,Newtown,29080,29080-1,Newtown Twp. District 8
North and Southampton Reformed Church | 1380 Bristol Rd Churchville PA 18966 | Churchville,1815,1802,19993,9093,9903,2736,10090,6357,1624,594,11.02,5.01,44.29,45.48,27.63,63.0,36.58,4,1,3,8,2026,North and Southampton Reformed Church,1380 Bristol Rd Churchville PA 18966,Churchville,48012,48012-1,Upper Southampton Twp. East 2
Northampton Township Building | 55 Township Rd Richboro PA 18954 | Richboro,3206,3185,35230,16092,17432,4692,17798,11400,2873,947,10.99,5.02,44.69,45.68,26.92,64.05,32.96,6,3,7,16,2026,Northampton Township Building,55 Township Rd Richboro PA 18954,Richboro,31150; 31180,31150-1; 31180-1,Northampton Twp. District 15; Northampton Twp. District 18
Northampton Township Fire Company | 283 Hatboro Rd Churchville PA 18966 | Churchville,1786,1773,19499,8962,9641,2690,9858,6272,1580,533,10.92,5.02,44.84,45.96,27.9,63.62,33.73,2,3,5,10,2026,Northampton Township Fire Company,283 Hatboro Rd Churchville PA 18966,Churchville,31130,31130-1,Northampton Twp. District 13
Ottsville Fire Company | 249 Durham Rd Ottsville PA 18942 | Ottsville,1108,1094,12215,5925,6050,1816,6165,4109,1001,389,11.02,5.35,47.4,48.51,30.02,66.65,38.86,3,3,4,10,2026,Ottsville Fire Company,249 Durham Rd Ottsville PA 18942,Ottsville,44020,44020-1,Tinicum Twp. Tinicum
Oxford Valley Elementary School | 430 Trenton Rd Fairless Hills PA 19030 | Fairless Hills,2144,2112,23068,9228,11394,2607,11674,6621,1872,525,10.76,4.3,38.66,40.0,22.88,56.72,28.04,9,5,2,16,2026,Oxford Valley Elementary School,430 Trenton Rd Fairless Hills PA 19030,Fairless Hills,13021; 13031,13021-1; 13031-1,Falls Twp. 2 - 1; Falls Twp. 3 - 1
Palisades High School | 35 Church Hill Rd Kintnersville PA 18930 | Kintnersville,2769,2734,30211,13913,14949,4303,15262,9610,2461,908,10.91,5.02,44.66,46.05,28.78,62.97,36.9,8,10,8,26,2026,Palisades High School,35 Church Hill Rd Kintnersville PA 18930,Kintnersville,30010; 30020,30010-1; 30020-1,Nockamixon Twp. Nockamixon; Nockamixon Twp. Revere
Parkland Fire Company | 831 Avenue D Langhorne PA 19047 | Parkland,2326,2305,25513,11019,12624,3198,12889,7821,2070,666,10.97,4.74,41.94,43.19,25.33,60.68,32.17,3,4,5,12,2026,Parkland Fire Company,831 Avenue D Langhorne PA 19047,Parkland,22010,22010-1,Middletown Twp. Lower 1
Passer Community Center | 2580 Richlandtown Pike Coopersburg PA 18036 | Coopersburg,1332,1320,14967,6451,7421,1963,7546,4488,1229,415,11.24,4.84,42.28,43.1,26.45,59.48,33.77,2,3,3,8,2026,Passer Community Center,2580 Richlandtown Pike Coopersburg PA 18036,Coopersburg,42030,42030-1,Springfield Twp. West
Penn Valley Elementary School | 180 North Turn Ln Levittown PA 19054 | Levittown,3288,3252,35325,14115,17450,4045,17875,10070,2859,822,10.74,4.29,38.62,39.96,23.18,56.34,28.75,12,4,6,22,2026,Penn Valley Elementary School,180 North Turn Ln Levittown PA 19054,Levittown,13042; 13044; 13045,13042-1; 13044-1; 13045-1,Falls Twp. 4 - 2; Falls Twp. 4 - 4; Falls Twp. 4 - 5
Penndel Borough Hall | 300 Bellevue Ave Penndel PA 19047 | Penndel,1654,1637,17728,7088,8761,2186,8967,4902,1428,416,10.72,4.29,38.54,39.98,24.95,54.67,29.13,3,7,3,13,2026,Penndel Borough Hall,300 Bellevue Ave Penndel PA 19047,Penndel,32000,32000-1,Penndel Borough
Pennsbury West High School | 608 S Olds Blvd Fairless Hills PA 19030 | Fairless Hills,4443,4400,48061,19647,23767,5855,24294,13792,3890,1163,10.82,4.42,39.44,40.88,24.63,56.77,29.9,18,5,10,33,2026,Pennsbury West High School,608 S Olds Blvd Fairless Hills PA 19030,Fairless Hills,13012; 13022; 13032,13012-1; 13022-1; 13032-1,Falls Twp. 1 - 2; Falls Twp. 2 - 2; Falls Twp. 3 - 2
Pennwood Library | 301 S Pine St Langhorne PA 19047 | Langhorne,1138,1131,12570,6151,6234,2015,6336,4136,1026,427,11.05,5.41,47.71,48.93,32.32,65.28,41.62,2,1,1,4,2026,Pennwood Library,301 S Pine St Langhorne PA 19047,Langhorne,18000,18000-1,Langhorne Borough
Pennwood Middle School | 1523 Makefield Rd Yardley PA 19067 | Yardley,2830,2798,30600,14954,15124,4556,15476,10398,2477,924,10.81,5.28,47.41,48.87,30.12,67.19,37.3,13,4,6,23,2026,Pennwood Middle School,1523 Makefield Rd Yardley PA 19067,Yardley,20022; 20027,20022-1; 20027-1,Lower Makefield Twp. South 2; Lower Makefield Twp. South 7
Perkasie Borough Hall | 620 W Chestnut St Perkasie PA 18944 | Perkasie,1990,1971,21685,9382,10717,2793,10968,6589,1770,550,10.9,4.71,42.15,43.26,26.06,60.07,31.07,4,6,4,14,2026,Perkasie Borough Hall,620 W Chestnut St Perkasie PA 18944,Perkasie,33020,33020-1,Perkasie Borough 2nd Ward
Perkasie Fire Company | 100 N 5th St Perkasie PA 18944 | Perkasie,2126,2115,23525,11218,11653,3485,11872,7733,1917,677,11.07,5.28,46.39,47.69,29.91,65.14,35.32,1,2,2,5,2026,Perkasie Fire Company,100 N 5th St Perkasie PA 18944,Perkasie,33010,33010-1,Perkasie Borough 1st Ward
Pine Run Community Building | 777 Ferry Rd Doylestown PA 18901 | Doylestown,1185,1177,13138,7629,6509,2681,6629,4948,1070,494,11.09,6.44,56.72,58.07,41.19,74.64,46.17,3,3,1,7,2026,Pine Run Community Building,777 Ferry Rd Doylestown PA 18901,Doylestown,09020,09020-1,Doylestown Twp. District 2
Plumsteadville Firehouse | 5064 Stump Rd Plumsteadville PA 18949 | Plumsteadville,2135,2118,22991,11029,11350,3222,11641,7807,1848,587,10.77,5.17,46.77,47.97,28.39,67.06,31.76,4,0,3,7,2026,Plumsteadville Firehouse,5064 Stump Rd Plumsteadville PA 18949,Plumsteadville,34020,34020-1,Plumstead Twp. District 2
Point Pleasant Fire Company | 6500 Point Pleasant Pike Point Pleasant PA 18950 | Point Pleasant,1906,1890,21094,10881,10435,3454,10659,7427,1715,686,11.07,5.71,50.6,51.58,33.1,69.68,40.0,2,4,6,12,2026,Point Pleasant Fire Company,6500 Point Pleasant Pike Point Pleasant PA 18950,Point Pleasant,34010,34010-1,Plumstead Twp. District 1
Poquessing Middle School | 300 Heights Ln Feasterville-Trevose PA 19053 | Feasterville,1274,1264,13875,5255,6861,1489,7014,3766,1126,305,10.89,4.12,36.58,37.87,21.7,53.69,27.09,1,2,2,5,2026,Poquessing Middle School,300 Heights Ln Feasterville-Trevose PA 19053,Feasterville,21023,21023-1,Lower Southampton Twp. West 3
Quakertown Elementary School | 123 S 7th St Quakertown PA 18951 | Quakertown,1057,1040,11209,4281,5532,1293,5677,2988,899,263,10.6,4.05,36.4,38.19,23.37,52.63,29.25,4,2,3,9,2026,Quakertown Elementary School,123 S 7th St Quakertown PA 18951,Quakertown,35040,35040-1,Quakertown Borough 4th Ward
Quakertown United Methodist | 1875 Freier Rd Quakertown PA 18951 | Quakertown,2870,2839,31178,13649,15418,4210,15760,9439,2518,880,10.86,4.76,42.49,43.78,27.31,59.89,34.95,7,4,2,13,2026,Quakertown United Methodist,1875 Freier Rd Quakertown PA 18951,Quakertown,23040,23040-1,Milford Twp. Trumbauersville
"Richboro Elementary School | 125 Upper Holland Road, Richboro, PA 18954 | Richboro",3267,3249,36346,17160,17993,5103,18353,12057,2966,1111,11.13,5.25,46.02,47.21,28.36,65.69,37.46,3,5,5,13,2026,Richboro Elementary School,"125 Upper Holland Road, Richboro, PA 18954",Richboro,31070; 31120,31070-1; 31120-1,Northampton Twp. District 12; Northampton Twp. District 7
Richland Elementary School | 500 Fairview Ave Quakertown PA 18951 | Quakertown,3801,3743,40292,16217,19882,4840,20410,11377,3238,971,10.6,4.27,38.88,40.25,24.34,55.74,29.99,21,11,12,44,2026,Richland Elementary School,500 Fairview Ave Quakertown PA 18951,Quakertown,36010,36010-1,Richland Twp. District 1
Richland Township Building | 1328 California Rd Quakertown PA 18951 | Quakertown,2102,2078,23052,9304,11390,2789,11662,6515,1876,551,10.97,4.43,39.33,40.36,24.49,55.87,29.37,6,8,4,18,2026,Richland Township Building,1328 California Rd Quakertown PA 18951,Quakertown,36020,36020-1,Richland Twp. District 2
Riegelsville Borough Hall | 615 Easton Rd Riegelsville PA 18077 | Riegelsville,704,693,7441,3713,3678,1267,3763,2446,601,216,10.57,5.27,48.19,49.9,34.45,65.0,35.94,2,1,2,5,2026,Riegelsville Borough Hall,615 Easton Rd Riegelsville PA 18077,Riegelsville,38000,38000-1,Riegelsville Borough
Robert Shafer Middle School | 3333 Hulmeville Rd Bensalem PA 19020 | Bensalem,3886,3835,41366,14555,20410,3855,20956,10700,3331,717,10.64,3.75,34.04,35.19,18.89,51.06,21.53,20,9,4,33,2026,Robert Shafer Middle School,3333 Hulmeville Rd Bensalem PA 19020,Bensalem,02012; 02013,02012-1; 02013-1,Bensalem Twp. Lower East 2; Bensalem Twp. Lower East 3
Rolling Hills Elementary School | 340 Middle Holland Rd Holland PA 18966 | Holland,2424,2402,26745,12328,13250,3683,13495,8645,2171,755,11.03,5.09,44.83,46.09,27.8,64.06,34.78,8,4,6,18,2026,Rolling Hills Elementary School,340 Middle Holland Rd Holland PA 18966,Holland,31100; 31170,31100-1; 31170-1,Northampton Twp. District 10; Northampton Twp. District 17
Russell C. Struble Elementary School | 4300 Bensalem Blvd Bensalem PA 19020 | Bensalem,4050,4006,42937,16395,21164,4728,21773,11667,3446,885,10.6,4.05,36.82,38.18,22.34,53.58,25.68,12,10,4,26,2026,Russell C. Struble Elementary School,4300 Bensalem Blvd Bensalem PA 19020,Bensalem,02011; 02017,02011-1; 02017-1,Bensalem Twp. Lower East 1; Bensalem Twp. Lower East 7
Russell Elliot Recreation Field Building | 150 Buck Rd Feasterville -Trevose PA 19053 | Feasterville,850,841,9324,4241,4612,1286,4712,2955,764,271,10.97,4.99,44.35,45.48,27.88,62.71,35.47,3,1,3,7,2026,Russell Elliot Recreation Field Building,150 Buck Rd Feasterville -Trevose PA 19053,Feasterville,21022,21022-1,Lower Southampton Twp. West 2
Salem Harbor Apts. | 463 Old Bridge Rd Bensalem PA 19020 | Bensalem,1540,1530,16617,5585,8206,1618,8411,3967,1343,335,10.79,3.63,32.79,33.61,19.72,47.16,24.94,2,4,3,9,2026,Salem Harbor Apts.,463 Old Bridge Rd Bensalem PA 19020,Bensalem,02030,02030-1,Bensalem Twp. Lower West
Salem United Church of Christ | 186 E Court St Doylestown PA 18901 | Doylestown,1073,1063,11797,6156,5839,2141,5958,4015,954,387,10.99,5.74,51.25,52.18,36.67,67.39,40.57,4,6,0,10,2026,Salem United Church of Christ,186 E Court St Doylestown PA 18901,Doylestown,08012,08012-1,Doylestown Borough 1 - 2
Samuel K. Faust Elementary School | 2901 Bellview Dr Bensalem PA 19020 | Bensalem,2721,2676,28484,9873,14035,2748,14449,7125,2290,560,10.47,3.63,33.48,34.66,19.58,49.31,24.45,16,11,1,28,2026,Samuel K. Faust Elementary School,2901 Bellview Dr Bensalem PA 19020,Bensalem,02052; 02055,02052-1; 02055-1,Bensalem Twp. Upper 2; Bensalem Twp. Upper 5
Sandburg Middle School | 30 Harmony Rd Levittown PA 19056 | Levittown,2041,2026,22248,8869,10995,2394,11253,6475,1812,495,10.9,4.35,38.76,39.86,21.77,57.54,27.32,4,4,2,10,2026,Sandburg Middle School,30 Harmony Rd Levittown PA 19056,Levittown,22070; 22110,22070-1; 22110-1,Middletown Twp. Lower 11; Middletown Twp. Lower 7
Sarah Mitchell Comm. Cent. | 1500 Desire Ave Feasterville Trevose PA 19053 | Feasterville,1137,1124,12206,5115,6029,1510,6177,3605,983,311,10.74,4.5,40.51,41.91,25.05,58.36,31.64,4,5,2,11,2026,Sarah Mitchell Comm. Cent.,1500 Desire Ave Feasterville Trevose PA 19053,Feasterville,21012,21012-1,Lower Southampton Twp. East 2
Scottsville United Methodist Church | 2400 Brownsville Rd Langhorne PA 19053 | Langhorne,1296,1278,14326,6542,7098,2059,7228,4483,1171,434,11.05,5.05,44.4,45.67,29.01,62.02,37.06,3,9,3,15,2026,Scottsville United Methodist Church,2400 Brownsville Rd Langhorne PA 19053,Langhorne,21015,21015-1,Lower Southampton Twp. East 5
Sellersville Fire Department | 2 N Main St Sellersville PA 18960 | Sellersville,2749,2721,29923,12122,14807,3507,15116,8615,2424,682,10.89,4.41,39.39,40.51,23.68,56.99,28.14,6,7,5,18,2026,Sellersville Fire Department,2 N Main St Sellersville PA 18960,Sellersville,39010; 39030,39010-1; 39030-1,Sellersville Borough District 1; Sellersville Borough District 3
Seventh-Day Adventist Church | 10 Greene Rd Warminster PA 18974 | Warminster,1590,1581,17352,7573,8584,2336,8768,5237,1409,449,10.91,4.76,42.14,43.64,27.21,59.73,31.87,4,2,2,8,2026,Seventh-Day Adventist Church,10 Greene Rd Warminster PA 18974,Warminster,49070,49070-1,Warminster Twp. District 7
Silverdale Brethren in Christ Church | 167 W Main St Silverdale PA 18962 | Silverdale,624,618,6957,3283,3450,1022,3507,2261,569,208,11.15,5.26,46.25,47.19,29.62,64.47,36.56,2,0,2,4,2026,Silverdale Brethren in Christ Church,167 W Main St Silverdale PA 18962,Silverdale,40000,40000-1,Silverdale Borough
Simon Butler Elementary School | 200 Brittany Dr Chalfont PA 18914 | Chalfont,3904,3857,42430,18864,20979,5714,21451,13150,3445,1139,10.87,4.83,43.46,44.46,27.24,61.3,33.06,18,11,7,36,2026,Simon Butler Elementary School,200 Brittany Dr Chalfont PA 18914,Chalfont,26031; 26032,26031-1; 26032-1,New Britain Twp. South 1; New Britain Twp. South 2
Snyder-Girotti Elementary School | 450 Beaver St Bristol PA 19007 | Bristol,1853,1831,19972,7295,9884,2280,10088,5015,1617,376,10.78,3.94,35.44,36.53,23.07,49.71,23.25,6,5,3,14,2026,Snyder-Girotti Elementary School,450 Beaver St Bristol PA 19007,Bristol,04031; 04032; 04033,04031-1; 04032-1; 04033-1,Bristol Borough West 1; Bristol Borough West 2; Bristol Borough West 3
Sol Feinstone Elementary School | 1090 Eagle Rd Newtown PA 18940 | Newtown,3574,3536,38849,19356,19194,5971,19655,13385,3145,1197,10.87,5.42,48.83,49.82,31.11,68.1,38.06,15,3,6,24,2026,Sol Feinstone Elementary School,1090 Eagle Rd Newtown PA 18940,Newtown,47010; 47030,47010-1; 47030-1,Upper Makefield Twp. District 1; Upper Makefield Twp. District 3
Solebury Township Building | 3092 Sugan Rd Solebury PA 18963 | Solebury,2509,2473,26649,13706,13147,4455,13502,9251,2159,871,10.62,5.46,50.44,51.43,33.89,68.52,40.34,12,7,3,22,2026,Solebury Township Building,3092 Sugan Rd Solebury PA 18963,Solebury,41020,41020-1,Solebury Twp. Middle
Somerton Springs Ballroom | 50 Bustleton Pike Feasterville Trevose PA 19053 | Feasterville,1696,1679,18118,7254,8950,2022,9168,5232,1460,460,10.68,4.28,38.23,40.04,22.59,57.07,31.51,5,3,1,9,2026,Somerton Springs Ballroom,50 Bustleton Pike Feasterville Trevose PA 19053,Feasterville,21021; 21027,21021-1; 21027-1,Lower Southampton Twp. West 1; Lower Southampton Twp. West 7
Southampton Fire House | 925 Street Rd Southampton PA 18966 | Southampton,4344,4318,48068,20556,23795,6112,24273,14444,3920,1325,11.07,4.73,41.51,42.76,25.69,59.51,33.8,8,6,7,21,2026,Southampton Fire House,925 Street Rd Southampton PA 18966,Southampton,48011; 48031; 48032,48011-1; 48031-1; 48032-1,Upper Southampton Twp. East 1; Upper Southampton Twp. South 1; Upper Southampton Twp. South 2
Springtown Fire Company | 3010 Route 212 Springtown PA 18081 | Springtown,1421,1404,15609,7275,7726,2209,7883,5066,1269,449,10.98,5.12,45.36,46.61,28.59,64.26,35.38,7,3,3,13,2026,Springtown Fire Company,3010 Route 212 Springtown PA 18081,Springtown,42010,42010-1,Springfield Twp. East
St Ann Worship Site | 357 Dorrance St Bristol PA 19007 | Bristol,1625,1605,17590,6262,8705,2039,8885,4223,1424,324,10.82,3.85,34.8,35.6,23.42,47.53,22.75,10,2,4,16,2026,St Ann Worship Site,357 Dorrance St Bristol PA 19007,Bristol,04041; 04042; 04043,04041-1; 04042-1; 04043-1,Bristol Borough South 1; Bristol Borough South 2; Bristol Borough South 3
St. Andrew's Lutheran Church | 20 Dill Ave Perkasie PA 18944 | Perkasie,2843,2815,31059,14155,15370,4228,15689,9927,2525,813,10.92,4.98,44.31,45.57,27.51,63.27,32.2,3,7,7,17,2026,St. Andrew's Lutheran Church,20 Dill Ave Perkasie PA 18944,Perkasie,33030,33030-1,Perkasie Borough 3rd Ward
St. Cyril of Jerusalem | 1410 Almshouse Rd Jamison PA 18929 | Jamison,4805,4754,52780,25114,26136,7766,26644,17348,4285,1530,10.98,5.23,46.26,47.58,29.71,65.11,35.71,11,8,7,26,2026,St. Cyril of Jerusalem,1410 Almshouse Rd Jamison PA 18929,Jamison,51020; 51050,51020-1; 51050-1,Warwick Twp. District 2; Warwick Twp. District 5
St. John's Activity Center | 26 First Ave Richlandtown PA 18955 | Richlandtown,842,829,9204,3644,4554,1022,4650,2622,751,180,10.93,4.33,38.27,39.59,22.44,56.39,23.97,3,2,1,6,2026,St. John's Activity Center,26 First Ave Richlandtown PA 18955,Richlandtown,37000,37000-1,Richlandtown Borough
St. John's Lutheran Church | 910 Allentown Rd Sellersville PA 18960 | Sellersville,1311,1300,14648,6829,7263,2149,7385,4680,1201,473,11.17,5.21,45.57,46.62,29.59,63.37,39.38,1,0,4,5,2026,St. John's Lutheran Church,910 Allentown Rd Sellersville PA 18960,Sellersville,52010,52010-1,West Rockhill Twp. Argus
St. Paul's Episcopal Church | 89 Pinewood Dr Levittown PA 19054 | Levittown,1200,1194,13224,5440,6541,1592,6683,3848,1074,310,11.02,4.53,40.23,41.14,24.34,57.58,28.86,3,2,0,5,2026,St. Paul's Episcopal Church,89 Pinewood Dr Levittown PA 19054,Levittown,13041,13041-1,Falls Twp. 4 - 1
St. Paul's United Church of Christ | 104 Green St Sellersville PA 18960 | Sellersville,493,489,5352,2401,2646,714,2706,1687,431,128,10.86,4.87,42.91,44.86,26.98,62.34,29.7,1,0,1,2,2026,St. Paul's United Church of Christ,104 Green St Sellersville PA 18960,Sellersville,39020,39020-1,Sellersville Borough District 2
St. Peter's Lutheran Church | 1530 Augsburg Dr Hilltown PA 18927 | Hilltown,2247,2225,24282,10789,12004,3110,12278,7679,1964,641,10.81,4.8,42.86,44.43,25.91,62.54,32.64,4,3,9,16,2026,St. Peter's Lutheran Church,1530 Augsburg Dr Hilltown PA 18927,Hilltown,15022,15022-1,Hilltown Twp. Fairhill 2
Tapestry Clubhouse | 100 Independence Dr Holland PA 18966 | Holland,1765,1752,19548,9716,9679,3197,9869,6519,1595,666,11.08,5.5,48.43,49.7,33.03,66.06,41.76,3,3,5,11,2026,Tapestry Clubhouse,100 Independence Dr Holland PA 18966,Holland,31110,31110-1,Northampton Twp. District 11
Tawanka Learning Center | 2055 Brownsville Rd Langhorne PA 19053 | Langhorne,1457,1441,15943,7304,7891,2271,8052,5033,1306,454,10.94,5.01,44.31,45.81,28.78,62.51,34.76,3,2,4,9,2026,Tawanka Learning Center,2055 Brownsville Rd Langhorne PA 19053,Langhorne,21013,21013-1,Lower Southampton Twp. East 3
Telford Borough Community Center | 125 S Hamilton St Telford PA 18969 | Telford,1659,1648,18376,7796,9096,2603,9280,5193,1501,487,11.08,4.7,41.71,42.42,28.62,55.96,32.45,4,4,1,9,2026,Telford Borough Community Center,125 S Hamilton St Telford PA 18969,Telford,43000,43000-1,Telford Borough
"Thompson Memorial Presbyterian Church | 1680 Aquetong Road, New Hope, PA 18938 | New Hope",3343,3296,35749,17238,17637,5179,18112,12059,2894,1009,10.69,5.16,47.38,48.22,29.36,66.58,34.87,16,11,7,34,2026,Thompson Memorial Presbyterian Church,"1680 Aquetong Road, New Hope, PA 18938",New Hope,41011; 41012,41011-1; 41012-1,Solebury Twp. Lower 1; Solebury Twp. Lower 2
Tinicum Township Building | 163 Municipal Rd Pipersville PA 18947 | Pipersville,1160,1146,12686,6597,6269,2115,6417,4482,1033,423,10.94,5.69,50.72,52.0,33.74,69.85,40.95,4,3,2,9,2026,Tinicum Township Building,163 Municipal Rd Pipersville PA 18947,Pipersville,44030,44030-1,Tinicum Twp. Tohickon
Titus Elementary School | 2333 Lower Barness Rd Warrington PA 18976 | Warrington,2184,2162,23615,10151,11683,3186,11932,6965,1911,629,10.81,4.65,41.78,42.99,27.27,58.37,32.91,6,4,3,13,2026,Titus Elementary School,2333 Lower Barness Rd Warrington PA 18976,Warrington,50040,50040-1,Warrington Twp. District 4
Tohickon Middle School | 5051 Old Easton Rd Doylestown PA 18902 | Doylestown,4213,4164,45090,20438,22243,5899,22847,14539,3626,1157,10.7,4.85,43.79,45.33,26.52,63.64,31.91,12,12,7,31,2026,Tohickon Middle School,5051 Old Easton Rd Doylestown PA 18902,Doylestown,34030; 34050,34030-1; 34050-1,Plumstead Twp. District 3; Plumstead Twp. District 5
Trevose Fire Company | 4900 E Street Rd Trevose PA 19053 | Trevose,3749,3708,40216,15080,19871,4412,20345,10668,3242,835,10.73,4.02,36.14,37.5,22.2,52.44,25.76,13,8,6,27,2026,Trevose Fire Company,4900 E Street Rd Trevose PA 19053,Trevose,02051; 02053,02051-1; 02053-1,Bensalem Twp. Upper 1; Bensalem Twp. Upper 3
Trinity Episcopal Church Solebury | 6587 Upper York Rd Solebury PA 18963 | Solebury,2060,2043,22345,11191,11037,3582,11308,7609,1812,699,10.85,5.43,49.04,50.08,32.45,67.29,38.58,8,4,2,14,2026,Trinity Episcopal Church Solebury,6587 Upper York Rd Solebury PA 18963,Solebury,41030,41030-1,Solebury Twp. Upper
Trinity Evangelical Lutheran Church | 2170 Route 212 Coopersburg PA 18036 | Coopersburg,1410,1400,15530,7303,7692,2246,7838,5057,1273,457,11.01,5.18,45.74,47.03,29.2,64.52,35.9,5,1,1,7,2026,Trinity Evangelical Lutheran Church,2170 Route 212 Coopersburg PA 18036,Coopersburg,42020,42020-1,Springfield Twp. Middle
Trumbauersville Borough Building | 1 Evergreen Dr Trumbauersville PA 18970 | Trumbauersville,643,638,6948,3239,3436,1089,3512,2150,564,201,10.81,5.04,45.31,46.62,31.69,61.22,35.64,0,2,2,4,2026,Trumbauersville Borough Building,1 Evergreen Dr Trumbauersville PA 18970,Trumbauersville,45000,45000-1,Trumbauersville Boro
Tullytown Borough Hall | 500 Main St Tullytown PA 19007 | Tullytown,1613,1592,17352,7044,8571,2340,8781,4704,1409,373,10.76,4.37,39.16,40.59,27.3,53.57,26.47,8,6,1,15,2026,Tullytown Borough Hall,500 Main St Tullytown PA 19007,Tullytown,46000,46000-1,Tullytown Borough
Union Fire Company | 2067 State Rd Bensalem PA 19020 | Bensalem,1743,1720,18466,6881,9100,1984,9366,4897,1486,390,10.59,3.95,36.44,37.26,21.8,52.28,26.24,5,4,5,14,2026,Union Fire Company,2067 State Rd Bensalem PA 19020,Bensalem,02021,02021-1,Bensalem Twp. Lower Middle 1
Upper Southampton Township Parks & Recreation | 913 Willow St Southampton PA 18966 | Southampton,2815,2791,31394,13964,15573,4388,15821,9576,2564,940,11.15,4.96,43.18,44.48,28.18,60.53,36.66,4,11,4,19,2026,Upper Southampton Township Parks & Recreation,913 Willow St Southampton PA 18966,Southampton,48021; 48041; 48042,48021-1; 48041-1; 48042-1,Upper Southampton Twp. North 1; Upper Southampton Twp. West 1; Upper Southampton Twp. West 2
VFW Post 1597 | 901 Bellevue Ave Croydon PA 19021 | Croydon,1586,1568,16858,5907,8325,1653,8533,4254,1356,350,10.63,3.72,33.56,35.04,19.86,49.85,25.81,3,7,4,14,2026,VFW Post 1597,901 Bellevue Ave Croydon PA 19021,Croydon,05011,05011-1,Bristol Twp. 1 - 1
Valley Elementary School | 3100 Donallen Dr Bensalem PA 19020 | Bensalem,4129,4102,45309,21383,22431,6787,22878,14596,3681,1265,10.97,5.18,45.93,47.19,30.26,63.8,34.37,5,7,5,17,2026,Valley Elementary School,3100 Donallen Dr Bensalem PA 19020,Bensalem,02056; 02059; 02060,02056-1; 02059-1; 02060-1,Bensalem Twp. Upper 10; Bensalem Twp. Upper 6; Bensalem Twp. Upper 9
Village Park Elementary School | 75 Unity Dr Fairless Hills PA 19030 | Fairless Hills,1275,1256,13715,5701,6780,1628,6935,4073,1101,321,10.76,4.47,40.35,41.57,24.01,58.73,29.16,6,3,2,11,2026,Village Park Elementary School,75 Unity Dr Fairless Hills PA 19030,Fairless Hills,13014,13014-1,Falls Twp. 1 - 4
Village Shires Community Center #1 | 3001 E Village Rd Holland PA 18966 | Holland,3955,3932,43591,18714,21564,5284,22027,13430,3541,1123,11.02,4.73,41.99,42.93,24.5,60.97,31.71,4,9,5,18,2026,Village Shires Community Center #1,3001 E Village Rd Holland PA 18966,Holland,31140; 31160,31140-1; 31160-1,Northampton Twp. District 14; Northampton Twp. District 16
Walter S. Miller Elementary School | 10 Cobalt Ridge Dr S Levittown PA 19057 | Levittown,1910,1883,20523,9400,10148,2784,10375,6616,1654,595,10.75,4.92,44.51,45.8,27.43,63.77,35.97,8,5,8,21,2026,Walter S. Miller Elementary School,10 Cobalt Ridge Dr S Levittown PA 19057,Levittown,22030; 22040,22030-1; 22040-1,Middletown Twp. Lower 3; Middletown Twp. Lower 4
Warminster Community Center | 75 Downey Dr Warminster PA 18974 | Warminster,1070,1059,11378,3739,5619,933,5759,2806,912,165,10.63,3.49,31.63,32.86,16.6,48.72,18.09,2,2,2,6,2026,Warminster Community Center,75 Downey Dr Warminster PA 18974,Warminster,49020,49020-1,Warminster Twp. District 2
Warminster Library | 1076 Emma Ln Warminster PA 18974 | Warminster,2006,1993,22013,9645,10891,2951,11122,6694,1785,554,10.97,4.81,42.65,43.82,27.1,60.19,31.04,4,2,3,9,2026,Warminster Library,1076 Emma Ln Warminster PA 18974,Warminster,49010; 49170,49010-1; 49170-1,Warminster Twp. District 1; Warminster Twp. District 17
Warminster Presbyterian Church | 500 Madison Ave Warminster PA 18974 | Warminster,2262,2241,24203,8461,11955,2348,12248,6113,1957,456,10.7,3.74,33.82,34.96,19.64,49.91,23.3,8,4,3,15,2026,Warminster Presbyterian Church,500 Madison Ave Warminster PA 18974,Warminster,49030,49030-1,Warminster Twp. District 3
Warminster Township Building | 401 Gibson Ave #1 Warminster PA 18974 | Warminster,1143,1129,12497,5518,6185,1648,6312,3870,1014,321,10.93,4.83,42.56,44.15,26.65,61.31,31.66,3,2,3,8,2026,Warminster Township Building,401 Gibson Ave #1 Warminster PA 18974,Warminster,49040,49040-1,Warminster Twp. District 4
Warrington Fellowship Church | 1455 Cooper Ln Warrington PA 18976 | Warrington,4039,4001,44548,20119,22059,5838,22489,14281,3629,1151,11.03,4.98,43.98,45.16,26.47,63.5,31.72,11,5,8,24,2026,Warrington Fellowship Church,1455 Cooper Ln Warrington PA 18976,Warrington,50030; 50050,50030-1; 50050-1,Warrington Twp. District 3; Warrington Twp. District 5
Warrington Fire Company | 2310 Freedoms Way Warrington PA 18976 | Warrington,2139,2126,23416,10400,11582,2942,11834,7458,1894,643,10.95,4.86,43.09,44.41,25.4,63.02,33.95,4,1,3,8,2026,Warrington Fire Company,2310 Freedoms Way Warrington PA 18976,Warrington,50080,50080-1,Warrington Twp. District 8
Warrington Township Building | 852 Easton Rd Warrington PA 18976 | Warrington,2063,2042,22632,10802,11185,3189,11447,7613,1837,642,10.97,5.24,46.4,47.73,28.51,66.51,34.95,7,3,2,12,2026,Warrington Township Building,852 Easton Rd Warrington PA 18976,Warrington,50010,50010-1,Warrington Twp. District 1
Warwick Township Building | 1733 Twp Green Jamison PA 18929 | Jamison,4434,4393,48430,23380,23953,7128,24477,16252,3920,1410,10.92,5.27,47.04,48.28,29.76,66.4,35.97,9,8,6,23,2026,Warwick Township Building,1733 Twp Green Jamison PA 18929,Jamison,51010; 51040,51010-1; 51040-1,Warwick Twp. District 1; Warwick Twp. District 4
Warwick township firehouse | 2390 York Rd Jamison PA 18929 | Jamison,2202,2176,23506,10440,11584,2836,11922,7604,1894,554,10.67,4.74,43.1,44.41,24.48,63.78,29.25,8,3,5,16,2026,Warwick township firehouse,2390 York Rd Jamison PA 18929,Jamison,51030,51030-1,Warwick Twp. District 3
Wesley Enhanced Living | 200 Veterans Ln Doylestown PA 18901 | Doylestown,1899,1867,20150,9314,9952,3080,10198,6234,1631,577,10.61,4.9,45.23,46.22,30.95,61.13,35.38,11,6,5,22,2026,Wesley Enhanced Living,200 Veterans Ln Doylestown PA 18901,Doylestown,08022,08022-1,Doylestown Borough 2 - 2
West End Fire Company | 1319 Park Ave Quakertown PA 18951 | Quakertown,1445,1429,15443,5537,7625,1600,7818,3937,1252,332,10.69,3.83,34.66,35.85,20.98,50.36,26.52,4,5,1,10,2026,West End Fire Company,1319 Park Ave Quakertown PA 18951,Quakertown,35011,35011-1,Quakertown Borough 1 - 1
William Penn Fire Company | 123 Main St Hulmeville PA 19047 | Hulmeville,788,782,8609,3670,4266,1100,4343,2570,699,175,10.93,4.66,41.88,42.63,25.79,59.18,25.04,1,0,2,3,2026,William Penn Fire Company,123 Main St Hulmeville PA 19047,Hulmeville,16000,16000-1,Hulmeville Borough
William Tennent High School | 333 Centennial Rd Warminster PA 18974 | Warminster,2610,2584,28416,10976,14059,3355,14357,7621,2310,692,10.89,4.21,37.29,38.63,23.86,53.08,29.96,8,5,4,17,2026,William Tennent High School,333 Centennial Rd Warminster PA 18974,Warminster,49100; 49160,49100-1; 49160-1,Warminster Twp. District 10; Warminster Twp. District 16
William W.H. Davis Elementary School | 475 Maple Ave Southampton PA 18966 | Southampton,1776,1764,19684,8751,9752,2616,9932,6135,1604,569,11.08,4.93,43.07,44.46,26.83,61.77,35.47,2,4,5,11,2026,William W.H. Davis Elementary School,475 Maple Ave Southampton PA 18966,Southampton,48023; 48024,48023-1; 48024-1,Upper Southampton Twp. North 3; Upper Southampton Twp. North 4
Willow Dale Elementary School | 720 N Norristown Rd Warminster PA 18974 | Warminster,2696,2673,29911,12743,14806,3825,15105,8918,2442,753,11.09,4.73,41.39,42.6,25.83,59.04,30.84,6,2,4,12,2026,Willow Dale Elementary School,720 N Norristown Rd Warminster PA 18974,Warminster,49060; 49130,49060-1; 49130-1,Warminster Twp. District 13; Warminster Twp. District 6
Woodside Church | 1667 Edgewood Rd Yardley PA 19067 | Yardley,5033,4968,54025,22751,26670,6591,27355,16160,4368,1395,10.73,4.52,40.93,42.11,24.71,59.08,31.94,13,13,9,35,2026,Woodside Church,1667 Edgewood Rd Yardley PA 19067,Yardley,20015; 20016,20015-1; 20016-1,Lower Makefield Twp. North 5; Lower Makefield Twp. North 6
Yardley-Makefield Fire Company | 105 S Main St Yardley PA 19067 | Yardley,2287,2260,25045,12081,12385,3610,12660,8471,2031,706,10.95,5.28,47.6,48.24,29.15,66.91,34.76,9,8,3,20,2026,Yardley-Makefield Fire Company,105 S Main St Yardley PA 19067,Yardley,54000,54000-1,Yardley Borough
