polling_place_key,D_to_Oth,D_to_R,Oth_to_D,Oth_to_R,R_to_D,R_to_Oth,total_switch,D_gain,D_loss,R_gain,R_loss,Oth_gain,Oth_loss,D,R,Oth,D_net,R_net,Oth_net,D_flip_pct,R_flip_pct,Oth_flip_pct,polling_place,full_address,post_office,precinct_codes,precinct_split_ids,municipality_districts
Advent Lutheran Church | 45 Worthington Mill Rd Richboro PA 18954 | Richboro,7,9,8,8,9,12,53,17,16,17,21,19,16,826,973,329,1,-4,3,1.94,2.16,4.86,Advent Lutheran Church,45 Worthington Mill Rd Richboro PA 18954,Richboro,31010,31010-1,Northampton Twp. District 1
Afton Elementary School | 1673 Quarry Rd Yardley PA 19067 | Yardley,39,20,31,15,26,24,155,57,59,35,50,63,46,2653,2748,1506,-2,-15,17,2.22,1.82,3.05,Afton Elementary School,1673 Quarry Rd Yardley PA 19067,Yardley,20011; 20012; 20013,20011-1; 20012-1; 20013-1,Lower Makefield Twp. North 1; Lower Makefield Twp. North 2; Lower Makefield Twp. North 3
American Legion Post #440 | 41 Linden Ave Newtown PA 18940 | Newtown,9,4,9,6,8,8,44,17,13,10,16,17,15,790,811,396,4,-6,2,1.65,1.97,3.79,American Legion Post #440,41 Linden Ave Newtown PA 18940,Newtown,29020,29020-1,Newtown Twp. District 2
Anchor Presbyterian Church | 980 Durham Rd Newtown PA 18940 | Wrightstown,6,15,6,15,9,20,71,15,21,30,29,26,21,874,1332,533,-6,1,5,2.4,2.18,3.94,Anchor Presbyterian Church,980 Durham Rd Newtown PA 18940,Wrightstown,53000,53000-1,Wrightstown Twp.
Ancient Order of the Hibernians | 614 Corson St Bristol PA 19007 | Bristol,7,4,11,3,7,3,35,18,11,7,10,10,14,947,375,249,7,-3,-4,1.16,2.67,5.62,Ancient Order of the Hibernians,614 Corson St Bristol PA 19007,Bristol,04011; 04012,04011-1; 04012-1,Bristol Borough North 1; Bristol Borough North 2
"Ann's Choice Senior Living Community | 30000 Anns Choice Way, Warminster, PA 18974 | Warminster",7,8,8,10,19,9,61,27,15,18,28,16,18,1204,1171,273,12,-10,-2,1.25,2.39,6.59,Ann's Choice Senior Living Community,"30000 Anns Choice Way, Warminster, PA 18974",Warminster,49140,49140-1,Warminster Twp. District 14
Ascension Lutheran Church | 900 Washington Crossing Rd Newtown PA 18940 | Newtown,18,12,19,23,17,14,103,36,30,35,31,32,42,1497,1852,801,6,4,-10,2.0,1.67,5.24,Ascension Lutheran Church,900 Washington Crossing Rd Newtown PA 18940,Newtown,47020; 47040,47020-1; 47040-1,Upper Makefield Twp. District 2; Upper Makefield Twp. District 4
Beechwood Neuro Rehab | 469 E Maple Ave Langhorne PA 19047 | Langhorne,6,7,7,5,6,3,34,13,13,12,9,9,12,923,721,322,0,3,-3,1.41,1.25,3.73,Beechwood Neuro Rehab,469 E Maple Ave Langhorne PA 19047,Langhorne,22250,22250-1,Middletown Twp. Upper 5
Belmont Hills Elementary School | 5000 Neshaminy Blvd Bensalem PA 19020 | Bensalem,21,26,25,14,16,7,109,41,47,40,23,28,39,2367,1857,967,-6,17,-11,1.99,1.24,4.03,Belmont Hills Elementary School,5000 Neshaminy Blvd Bensalem PA 19020,Bensalem,02054; 02057; 02058; 02062,02054-1; 02057-1; 02058-1; 02062-1,Bensalem Twp. Upper 12; Bensalem Twp. Upper 4; Bensalem Twp. Upper 7; Bensalem Twp. Upper 8
Ben Franklin Middle School | 6403 Mill Creek Rd Levittown PA 19057 | Levittown,4,10,3,5,4,4,30,7,14,15,8,8,8,677,525,250,-7,7,0,2.07,1.52,3.2,Ben Franklin Middle School,6403 Mill Creek Rd Levittown PA 19057,Levittown,05081,05081-1,Bristol Twp. 8 - 1
Benjamin H. Wilson Senior Center | 580 Delmont Ave Warminster PA 18974 | Warminster,11,22,5,15,17,8,78,22,33,37,25,19,20,1122,1469,389,-11,12,-1,2.94,1.7,5.14,Benjamin H. Wilson Senior Center,580 Delmont Ave Warminster PA 18974,Warminster,49080; 49120,49080-1; 49120-1,Warminster Twp. District 12; Warminster Twp. District 8
Bensalem High School | 4319 Hulmeville Rd Bensalem PA 19020 | Bensalem,15,46,20,13,14,10,118,34,61,59,24,25,33,1854,2235,731,-27,35,-8,3.29,1.07,4.51,Bensalem High School,4319 Hulmeville Rd Bensalem PA 19020,Bensalem,02015; 02016; 02018,02015-1; 02016-1; 02018-1,Bensalem Twp. Lower East 5; Bensalem Twp. Lower East 6; Bensalem Twp. Lower East 8
Blooming Glen Mennonite church | 713 Blooming Glen Rd Blooming Glen PA 18911 | Blooming Glen,11,11,9,14,7,12,64,16,22,25,19,23,23,515,1171,343,-6,6,0,4.27,1.62,6.71,Blooming Glen Mennonite church,713 Blooming Glen Rd Blooming Glen PA 18911,Blooming Glen,15011,15011-1,Hilltown Twp. Blooming Glen 1
Boy Scout Council | 1 Scout Way Doylestown PA 18901 | Doylestown,9,1,6,2,6,3,27,12,10,3,9,12,8,469,252,193,2,-6,4,2.13,3.57,4.15,Boy Scout Council,1 Scout Way Doylestown PA 18901,Doylestown,08032,08032-1,Doylestown Borough 3 - 2
Bridgeton Twp Building | 1370 Bridgeton Hill Rd Upper Black Eddy PA 18972 | Upper Black Eddy,5,3,4,1,2,2,17,6,8,4,4,7,5,323,457,216,-2,0,2,2.48,0.88,2.31,Bridgeton Twp Building,1370 Bridgeton Hill Rd Upper Black Eddy PA 18972,Upper Black Eddy,03000,03000-1,Bridgeton Twp.
Bristol Borough Junior/Senior High School | 1801 Wilson Ave Bristol PA 19007 | Bristol,9,14,13,5,11,1,53,24,23,19,12,10,18,1237,651,292,1,7,-8,1.86,1.84,6.16,Bristol Borough Junior/Senior High School,1801 Wilson Ave Bristol PA 19007,Bristol,04021; 04022,04021-1; 04022-1,Bristol Borough East 1; Bristol Borough East 2
Bristol Township Municipal Building | 2501 Bath Rd Bristol PA 19007 | Levittown,4,17,3,7,1,2,34,4,21,24,3,6,10,1281,647,374,-17,21,-4,1.64,0.46,2.67,Bristol Township Municipal Building,2501 Bath Rd Bristol PA 19007,Levittown,05031; 05032,05031-1; 05032-1,Bristol Twp. 3 - 1; Bristol Twp. 3 - 2
Brookwood Elem School | 2200 Haines Rd Levittown PA 19055 | Levittown,16,21,9,9,10,7,72,19,37,30,17,23,18,1955,1567,787,-18,13,5,1.89,1.08,2.29,Brookwood Elem School,2200 Haines Rd Levittown PA 19055,Levittown,05071; 05111; 05112,05071-1; 05111-1; 05112-1,Bristol Twp. 11 - 1; Bristol Twp. 11 - 2; Bristol Twp. 7 - 1
Buckingham Springs Clubhouse | 1490 Durham Rd New Hope PA 18938 | New Hope,7,8,14,11,5,6,51,19,15,19,11,13,25,560,744,268,4,8,-12,2.68,1.48,9.33,Buckingham Springs Clubhouse,1490 Durham Rd New Hope PA 18938,New Hope,06012,06012-1,Buckingham Twp. Lower 2
Buckingham Township Building | 4613 Hughesian Dr Buckingham PA 18912 | Buckingham,31,12,26,27,14,29,139,40,43,39,43,60,53,1540,1662,798,-3,-4,7,2.79,2.59,6.64,Buckingham Township Building,4613 Hughesian Dr Buckingham PA 18912,Buckingham,06021; 06022,06021-1; 06022-1,Buckingham Twp. Middle 1; Buckingham Twp. Middle 2
Bucks County Bar Association | 135 E State St Doylestown PA 18901 | Doylestown,12,1,7,6,2,2,30,9,13,7,4,14,13,566,364,184,-4,3,1,2.3,1.1,7.07,Bucks County Bar Association,135 E State St Doylestown PA 18901,Doylestown,08011,08011-1,Doylestown Borough 1 - 1
Bucks County Community College - Lower Bucks | 1304 Veterans Hwy Bristol PA 19007 | Bristol,12,28,14,11,12,10,87,26,40,39,22,22,25,2260,1280,799,-14,17,-3,1.77,1.72,3.13,Bucks County Community College - Lower Bucks,1304 Veterans Hwy Bristol PA 19007,Bristol,05033; 05041; 05042,05033-1; 05041-1; 05042-1,Bristol Twp. 3 - 3; Bristol Twp. 4 - 1; Bristol Twp. 4 - 2
Bucks County Community College - Lower Bucks | 1304 Veterans Hwy Bristol PA 19007 | Briston,3,4,2,3,4,0,16,6,7,7,4,3,5,477,409,199,-1,3,-2,1.47,0.98,2.51,Bucks County Community College - Lower Bucks,1304 Veterans Hwy Bristol PA 19007,Briston,05043,05043-1,Bristol Twp. 4 - 3
Bucks County Community College - Upper Bucks | 1 Hillendale Rd Perkasie PA 18944 | Perkasie,39,22,31,28,23,31,174,54,61,50,54,70,59,1334,2359,823,-7,-4,11,4.57,2.29,7.17,Bucks County Community College - Upper Bucks,1 Hillendale Rd Perkasie PA 18944,Perkasie,12010; 12020,12010-1; 12020-1,East Rockhill Twp. District 1; East Rockhill Twp. District 2
Bucks County Free Library Bensalem Branch | 3700 Hulmeville Rd Bensalem PA 19020 | Bensalem,11,16,7,3,6,5,48,13,27,19,11,16,10,1198,764,529,-14,8,6,2.25,1.44,1.89,Bucks County Free Library Bensalem Branch,3700 Hulmeville Rd Bensalem PA 19020,Bensalem,02024; 02025,02024-1; 02025-1,Bensalem Twp. Lower Middle 4; Bensalem Twp. Lower Middle 5
Bucks County Free Library | 7311 New Falls Rd Levittown PA 19055 | Levittown,2,6,2,3,0,2,15,2,8,9,2,4,5,448,335,192,-6,7,-1,1.79,0.6,2.6,Bucks County Free Library,7311 New Falls Rd Levittown PA 19055,Levittown,05061,05061-1,Bristol Twp. 6 - 1
Bucks County Government Services Center | 7321 New Falls Rd Levittown PA 19055 | Levittown,7,4,2,12,5,4,34,7,11,16,9,11,14,811,623,325,-4,7,-3,1.36,1.44,4.31,Bucks County Government Services Center,7321 New Falls Rd Levittown PA 19055,Levittown,05082,05082-1,Bristol Twp. 8 - 2
Bucks County Public Safety Training Center | 1760 S. Easton Road Doylestown PA 18901 | Doylestown,29,12,17,25,13,19,115,30,41,37,32,48,42,1090,1119,519,-11,5,6,3.76,2.86,8.09,Bucks County Public Safety Training Center,1760 S. Easton Road Doylestown PA 18901,Doylestown,09030; 09040,09030-1; 09040-1,Doylestown Twp. District 3; Doylestown Twp. District 4
Bucks IU22 @ Samuel Everitt Elementary School | 145 Forsythia Dr S Levittown PA 19056 | Levittown,8,20,11,4,9,8,60,20,28,24,17,16,15,1207,1158,408,-8,7,1,2.32,1.47,3.68,Bucks IU22 @ Samuel Everitt Elementary School,145 Forsythia Dr S Levittown PA 19056,Levittown,22050; 22100; 22120,22050-1; 22100-1; 22120-1,Middletown Twp. Lower 10; Middletown Twp. Lower 12; Middletown Twp. Lower 5
"Calvary Church of Souderton | 820 Pa-113, Souderton, PA 18964 | Souderton",10,6,13,15,10,10,64,23,16,21,20,20,28,749,947,363,7,1,-8,2.14,2.11,7.71,Calvary Church of Souderton,"820 Pa-113, Souderton, PA 18964",Souderton,15021,15021-1,Hilltown Twp. Fairhill 1
Cecelia Snyder Middle School | 3330 Hulmeville Rd Bensalem PA 19020 | Bensalem,18,14,9,11,6,9,67,15,32,25,15,27,20,1533,1134,565,-17,10,7,2.09,1.32,3.54,Cecelia Snyder Middle School,3330 Hulmeville Rd Bensalem PA 19020,Bensalem,02014; 02061,02014-1; 02061-1,Bensalem Twp. Lower East 4; Bensalem Twp. Upper 11
Central Bucks Community Senior Center Large Room | 700 N Shady Retreat Rd Doylestown PA 18901 | Doylestown,32,18,37,20,29,39,175,66,50,38,68,71,57,2142,1897,983,16,-30,14,2.33,3.58,5.8,Central Bucks Community Senior Center Large Room,700 N Shady Retreat Rd Doylestown PA 18901,Doylestown,09050; 09060,09050-1; 09060-1,Doylestown Twp. District 5; Doylestown Twp. District 6
Central Bucks High School East | 2804 Holicong Rd Doylestown PA 18902 | Doylestown,19,10,15,20,12,19,95,27,29,30,31,38,35,928,1096,547,-2,-1,3,3.12,2.83,6.4,Central Bucks High School East,2804 Holicong Rd Doylestown PA 18902,Doylestown,06032,06032-1,Buckingham Twp. Upper 2
Central Bucks High School South | 1100 Folly Rd Warrington PA 18976 | Warrington,55,52,55,42,33,47,284,88,107,94,80,102,97,3078,3741,1620,-19,14,5,3.48,2.14,5.99,Central Bucks High School South,1100 Folly Rd Warrington PA 18976,Warrington,50020; 50060; 50070,50020-1; 50060-1; 50070-1,Warrington Twp. District 2; Warrington Twp. District 6; Warrington Twp. District 7
Chalfont United Methodist Church | 11 Meadowbrook Ln Chalfont PA 18914 | Chalfont,28,18,27,18,17,20,128,44,46,36,37,48,45,1455,1358,602,-2,-1,3,3.16,2.72,7.48,Chalfont United Methodist Church,11 Meadowbrook Ln Chalfont PA 18914,Chalfont,07000,07000-1,Chalfont Borough
Charles Boehm Middle School | 866 Big Oak Rd Yardley PA 19067 | Yardley,29,11,30,12,13,9,104,43,40,23,22,38,42,2399,1860,1084,3,1,-4,1.67,1.18,3.87,Charles Boehm Middle School,866 Big Oak Rd Yardley PA 19067,Yardley,20024; 20029,20024-1; 20029-1,Lower Makefield Twp. South 4; Lower Makefield Twp. South 9
Churchville Elementary School | 100 New Rd Churchville PA 18966 | Churchville,3,5,7,8,8,6,37,15,8,13,14,9,15,430,699,209,7,-1,-6,1.86,2.0,7.18,Churchville Elementary School,100 New Rd Churchville PA 18966,Churchville,31020,31020-1,Northampton Twp. District 2
Cold Spring Elementary School | 4150 Durham Rd Doylestown PA 18902 | Doylestown,21,18,18,18,20,23,118,38,39,36,43,44,36,1203,1532,711,-1,-7,8,3.24,2.81,5.06,Cold Spring Elementary School,4150 Durham Rd Doylestown PA 18902,Doylestown,06033; 06034,06033-1; 06034-1,Buckingham Twp. Upper 3; Buckingham Twp. Upper 4
Cornwell Elementary School | 2215 Hulmeville Rd Bensalem PA 19020 | Bensalem,2,7,2,6,1,1,19,3,9,13,2,3,8,343,523,143,-6,11,-5,2.62,0.38,5.59,Cornwell Elementary School,2215 Hulmeville Rd Bensalem PA 19020,Bensalem,02022,02022-1,Bensalem Twp. Lower Middle 2
Cornwells Elementary School | 2215 Hulmeville Rd Bensalem PA 19020 | Bensalem,5,18,5,4,4,3,39,9,23,22,7,8,9,645,962,309,-14,15,-1,3.57,0.73,2.91,Cornwells Elementary School,2215 Hulmeville Rd Bensalem PA 19020,Bensalem,02023,02023-1,Bensalem Twp. Lower Middle 3
Covenant Presbyterian Church | 4000 Route 202 Doylestown PA 18902 | Doylestown,17,11,17,9,7,11,72,24,28,20,18,28,26,870,999,482,-4,2,2,3.22,1.8,5.39,Covenant Presbyterian Church,4000 Route 202 Doylestown PA 18902,Doylestown,06031,06031-1,Buckingham Twp. Upper 1
Deep Run Mennonite Church East | 350 Kellers Church Rd Perkasie PA 18944 | Perkasie,18,14,17,19,9,27,104,26,32,33,36,45,36,880,1608,512,-6,-3,9,3.64,2.24,7.03,Deep Run Mennonite Church East,350 Kellers Church Rd Perkasie PA 18944,Perkasie,01010,01010-1,Bedminster Twp. East
Deep Run Presbyterian Church | 16 Irish Meeting House Rd Perkasie Pa 18944 | Perkasie,20,15,25,16,13,22,111,38,35,31,35,42,41,885,1491,492,3,-4,1,3.95,2.35,8.33,Deep Run Presbyterian Church,16 Irish Meeting House Rd Perkasie Pa 18944,Perkasie,01020,01020-1,Bedminster Twp. West
Delaware Valley Fire Company | 75 Headquarters Rd Erwinna PA 18920 | Erwinna,11,7,11,9,5,7,50,16,18,16,12,18,20,430,469,225,-2,4,-2,4.19,2.56,8.89,Delaware Valley Fire Company,75 Headquarters Rd Erwinna PA 18920,Erwinna,44010,44010-1,Tinicum Twp. Delaware
Delaware valley Vietnam Veterans | 800 Coates Ave Bristol PA 19007 | Bristol,6,11,8,5,2,2,34,10,17,16,4,8,13,671,472,237,-7,12,-5,2.53,0.85,5.49,Delaware valley Vietnam Veterans,800 Coates Ave Bristol PA 19007,Bristol,05051,05051-1,Bristol Twp. 5 - 1
Doylestown Borough Hall Municipal Building | 10 Doyle St Doylestown PA 18901 | Doylestown,13,2,11,3,6,6,41,17,15,5,12,19,14,491,260,175,2,-7,5,3.05,4.62,8.0,Doylestown Borough Hall Municipal Building,10 Doyle St Doylestown PA 18901,Doylestown,08031,08031-1,Doylestown Borough 3 - 1
Doylestown Fire Company #1 | 68 Shewell Ave Doylestown PA 18901 | Doylestown,11,2,8,7,5,11,44,13,13,9,16,22,15,592,342,229,0,-7,7,2.2,4.68,6.55,Doylestown Fire Company #1,68 Shewell Ave Doylestown PA 18901,Doylestown,08021,08021-1,Doylestown Borough 2 - 1
Doylestown Township Building | 425 Wells Rd Doylestown PA 18901 | Doylestown,25,13,18,17,24,15,112,42,38,30,39,40,35,1386,1512,672,4,-9,5,2.74,2.58,5.21,Doylestown Township Building,425 Wells Rd Doylestown PA 18901,Doylestown,09010; 09080,09010-1; 09080-1,Doylestown Twp. District 1; Doylestown Twp. District 8
Dublin Fire House | 194 N Main St Dublin PA 18917 | Dublin,12,11,10,8,11,13,65,21,23,19,24,25,18,545,731,355,-2,-5,7,4.22,3.28,5.07,Dublin Fire House,194 N Main St Dublin PA 18917,Dublin,10000,10000-1,Dublin Borough
Durham Township Building | 215 Old Furnace Rd Durham PA 18039 | Durham,7,5,10,5,2,4,33,12,12,10,6,11,15,274,506,173,0,4,-4,4.38,1.19,8.67,Durham Township Building,215 Old Furnace Rd Durham PA 18039,Durham,11000,11000-1,Durham Twp.
East Swamp church youth center | 2405 E Swamp Rd Quakertown PA 18951 | Quakertown,6,4,7,6,0,2,25,7,10,10,2,8,13,371,821,211,-3,8,-5,2.7,0.24,6.16,East Swamp church youth center,2405 E Swamp Rd Quakertown PA 18951,Quakertown,23020,23020-1,Milford Twp. Roseville
Edgewood Elementary School | 899 Oxford Valley Rd Morrisville PA 19067 | Yardley,12,6,12,3,7,6,46,19,18,9,13,18,15,1387,1086,672,1,-4,3,1.3,1.2,2.23,Edgewood Elementary School,899 Oxford Valley Rd Morrisville PA 19067,Yardley,20025; 20026; 20028,20025-1; 20026-1; 20028-1,Lower Makefield Twp. South 5; Lower Makefield Twp. South 6; Lower Makefield Twp. South 8
Eleanor Roosevelt Elementary School | 185 Walton Dr Morrisville PA 19067 | Morrisville,28,24,20,14,7,9,102,27,52,38,16,37,34,2413,1346,1036,-25,22,3,2.15,1.19,3.28,Eleanor Roosevelt Elementary School,185 Walton Dr Morrisville PA 19067,Morrisville,13013; 13015; 13016,13013-1; 13015-1; 13016-1,Falls Twp. 1 - 3; Falls Twp. 1 - 5; Falls Twp. 1 - 6
Emmaus Road Lutheran Church | 2185 Bristol Oxford Valley Rd Levittown PA 19057 | Levittown,7,8,10,10,6,4,45,16,15,18,10,11,20,1114,1088,439,1,8,-9,1.35,0.92,4.56,Emmaus Road Lutheran Church,2185 Bristol Oxford Valley Rd Levittown PA 19057,Levittown,22060; 22090,22060-1; 22090-1,Middletown Twp. Lower 6; Middletown Twp. Lower 9
Everett A. McDonald Elementary School | 666 Reeves Ln Warminster PA 18974 | Warminster,14,27,11,18,11,11,92,22,41,45,22,25,29,1225,1507,502,-19,23,-4,3.35,1.46,5.78,Everett A. McDonald Elementary School,666 Reeves Ln Warminster PA 18974,Warminster,49050; 49110,49050-1; 49110-1,Warminster Twp. District 11; Warminster Twp. District 5
Fallsington Elementary School | 134 Yardley Ave Fallsington PA 19054 | Fallsington,13,22,11,16,8,7,77,19,35,38,15,20,27,1745,1256,784,-16,23,-7,2.01,1.19,3.44,Fallsington Elementary School,134 Yardley Ave Fallsington PA 19054,Fallsington,13011; 13017,13011-1; 13017-1,Falls Twp. 1 - 1; Falls Twp. 1 - 7
Feasterville Fire House | 20 Irving Pl Feasterville Trevose PA 19053 | Feasterville,5,11,0,6,3,3,28,3,16,17,6,8,6,503,642,226,-13,11,2,3.18,0.93,2.65,Feasterville Fire House,20 Irving Pl Feasterville Trevose PA 19053,Feasterville,21026,21026-1,Lower Southampton Twp. West 6
First Church of the Brethren | 455 Trumbauersville Rd Quakertown PA 18951 | Quakertown,11,14,22,11,5,10,73,27,25,25,15,21,33,757,1211,488,2,10,-12,3.3,1.24,6.76,First Church of the Brethren,455 Trumbauersville Rd Quakertown PA 18951,Quakertown,36040,36040-1,Richland Twp. District 4
First United Church of Christ | 151 S 4th St Quakertown PA 18951 | Quakertown,2,4,3,3,4,4,20,7,6,7,8,6,6,303,344,187,1,-1,0,1.98,2.33,3.21,First United Church of Christ,151 S 4th St Quakertown PA 18951,Quakertown,35020,35020-1,Quakertown Borough 2nd Ward
Forest Grove Presbyterian Church | 1856 Forest Grove Rd Forest Grove PA 18922 | Forest Grove,25,17,24,12,12,14,104,36,42,29,26,39,36,1143,1464,667,-6,3,3,3.67,1.78,5.4,Forest Grove Presbyterian Church,1856 Forest Grove Rd Forest Grove PA 18922,Forest Grove,06011,06011-1,Buckingham Twp. Lower 1
Forrest Lodge VFW | 2118 Old Bethlehem Pike Sellersville PA 18960 | Sellersville,15,14,7,17,11,8,72,18,29,31,19,23,24,811,1483,395,-11,12,-1,3.58,1.28,6.08,Forrest Lodge VFW,2118 Old Bethlehem Pike Sellersville PA 18960,Sellersville,52020,52020-1,West Rockhill Twp. Rockhill
Goodnoe Elementary School | 298 Frost Ln Newtown PA 18940 | Newtown,24,8,15,15,19,11,92,34,32,23,30,35,30,1711,1671,868,2,-7,5,1.87,1.8,3.46,Goodnoe Elementary School,298 Frost Ln Newtown PA 18940,Newtown,29030; 29060,29030-1; 29060-1,Newtown Twp. District 3; Newtown Twp. District 6
Grace Bible Fellowship Church | 1811 N Old Bethlehem Pike Quakertown PA 18951 | Quakertown,8,9,7,10,9,6,49,16,17,19,15,14,17,607,766,319,-1,4,-3,2.8,1.96,5.33,Grace Bible Fellowship Church,1811 N Old Bethlehem Pike Quakertown PA 18951,Quakertown,36030,36030-1,Richland Twp. District 3
Grace Community Church | 300 Highpoint Dr Chalfont PA 18914 | Chalfont,10,10,9,13,14,7,63,23,20,23,21,17,22,643,713,313,3,2,-5,3.11,2.95,7.03,Grace Community Church,300 Highpoint Dr Chalfont PA 18914,Chalfont,26021,26021-1,New Britain Twp. West 1
Grandview Elementary School | 80 Grandview Ave Morrisville PA 19067 | Morrisville,2,12,7,4,3,1,29,10,14,16,4,3,11,996,351,345,-4,12,-8,1.41,1.14,3.19,Grandview Elementary School,80 Grandview Ave Morrisville PA 19067,Morrisville,24040,24040-1,Morrisville Borough 4th Ward
Grundy Hall | 1290 Almshouse Rd Doylestown PA 18901 | Doylestown,8,7,13,5,5,11,49,18,15,12,16,19,18,596,751,285,3,-4,1,2.52,2.13,6.32,Grundy Hall,1290 Almshouse Rd Doylestown PA 18901,Doylestown,09070,09070-1,Doylestown Twp. District 7
Grundy House | 1611 Park Ave Quakertown PA 18951 | Quakertown,7,6,12,11,7,14,57,19,13,17,21,21,23,521,515,249,6,-4,-2,2.5,4.08,9.24,Grundy House,1611 Park Ave Quakertown PA 18951,Quakertown,35012,35012-1,Quakertown Borough 1 - 2
Harry S Truman High School | 3001 Green Ln Levittown PA 19057 | Levittown,17,32,16,17,8,4,94,24,49,49,12,21,33,2268,1571,875,-25,37,-12,2.16,0.76,3.77,Harry S Truman High School,3001 Green Ln Levittown PA 19057,Levittown,05023; 05063; 05101; 05102; 05103,05023-1; 05063-1; 05101-1; 05102-1; 05103-1,Bristol Twp. 10 - 1; Bristol Twp. 10 - 2; Bristol Twp. 10 - 3; Bristol Twp. 2 - 3; Bristol Twp. 6 - 3
Haycock Township Community Center | 1014 Old Bethlehem Rd Quakertown PA 18951 | Quakertown,6,16,9,14,9,6,60,18,22,30,15,12,23,519,977,298,-4,15,-11,4.24,1.54,7.72,Haycock Township Community Center,1014 Old Bethlehem Rd Quakertown PA 18951,Quakertown,14000,14000-1,Haycock Twp.
Herbert Hoover Elementary School | 501 Trenton Rd Langhorne PA 19047 | Langhorne,16,23,24,13,11,5,92,35,39,36,16,21,37,2522,1940,1022,-4,20,-16,1.55,0.82,3.62,Herbert Hoover Elementary School,501 Trenton Rd Langhorne PA 19047,Langhorne,22020; 22130,22020-1; 22130-1,Middletown Twp. Lower 13; Middletown Twp. Lower 2
Hillcrest Elementary School | 420 E Holland Rd Southampton PA 18966 | Southampton,9,7,5,4,8,5,38,13,16,11,13,14,9,416,705,229,-3,-2,5,3.85,1.84,3.93,Hillcrest Elementary School,420 E Holland Rd Southampton PA 18966,Southampton,31030,31030-1,Northampton Twp. District 3
Hilltown Baptist Church | 26 Upper Church Rd Chalfont PA 18914 | Chalfont,11,14,15,18,12,15,85,27,25,32,27,26,33,673,1335,408,2,5,-7,3.71,2.02,8.09,Hilltown Baptist Church,26 Upper Church Rd Chalfont PA 18914,Chalfont,15030,15030-1,Hilltown Twp. Hilltown
Hilltown Township Municipal Building | 13 W Creamery Rd Hilltown Township PA 18927 | Hilltown,25,15,20,37,19,24,140,39,40,52,43,49,57,1329,1863,771,-1,9,-8,3.01,2.31,7.39,Hilltown Township Municipal Building,13 W Creamery Rd Hilltown Township PA 18927,Hilltown,15012; 15013,15012-1; 15013-1,Hilltown Twp. Blooming Glen 2; Hilltown Twp. Blooming Glen 3
Holland Elementary School | 597 Beverly Rd Holland PA 18966 | Holland,5,12,1,9,8,8,43,9,17,21,16,13,10,602,1030,308,-8,5,3,2.82,1.55,3.25,Holland Elementary School,597 Beverly Rd Holland PA 18966,Holland,31050,31050-1,Northampton Twp. District 5
Holland Elementary School | 597 Beverly Rd Holland PA 18966 | Richboro,4,18,8,9,5,3,47,13,22,27,8,7,17,677,1142,326,-9,19,-10,3.25,0.7,5.21,Holland Elementary School,597 Beverly Rd Holland PA 18966,Richboro,31060,31060-1,Northampton Twp. District 6
Holland Middle School | 400 E Holland Rd Holland PA 18966 | Holland,6,13,4,8,9,8,48,13,19,21,17,14,12,650,859,293,-6,4,2,2.92,1.98,4.1,Holland Middle School,400 E Holland Rd Holland PA 18966,Holland,31090,31090-1,Northampton Twp. District 9
Ivyland Presbyterian Church | 51 Gough Ave Ivyland PA 18974 | Ivyland,3,5,2,1,2,2,15,4,8,6,4,5,3,255,353,94,-4,2,2,3.14,1.13,3.19,Ivyland Presbyterian Church,51 Gough Ave Ivyland PA 18974,Ivyland,17000,17000-1,Ivyland Borough
Joseph E. Hanusey III Community Center | 4757 Gordon Rd Doylestown PA 18902 | Doylestown,21,23,26,14,14,14,112,40,44,37,28,35,40,1065,1132,551,-4,9,-5,4.13,2.47,7.26,Joseph E. Hanusey III Community Center,4757 Gordon Rd Doylestown PA 18902,Doylestown,34040,34040-1,Plumstead Twp. District 4
Joseph Ferderbar Elementary School | 300 Heights Ln Feasterville-Trevose PA 19053 | Feasterville,3,10,12,8,9,4,46,21,13,18,13,7,20,655,891,335,8,5,-13,1.98,1.46,5.97,Joseph Ferderbar Elementary School,300 Heights Ln Feasterville-Trevose PA 19053,Feasterville,21024; 21025,21024-1; 21025-1,Lower Southampton Twp. West 4; Lower Southampton Twp. West 5
Keystone Elementary School | 1800 Keystone Street Croydon PA 19021 | Croydon,6,13,8,5,4,2,38,12,19,18,6,8,13,934,928,418,-7,12,-5,2.03,0.65,3.11,Keystone Elementary School,1800 Keystone Street Croydon PA 19021,Croydon,05012; 05013,05012-1; 05013-1,Bristol Twp. 1 - 2; Bristol Twp. 1 - 3
Kings Library Church of the Redeemer | 1065 Bristol Pike Bensalem PA 19020 | Bensalem,6,8,3,2,3,3,25,6,14,10,6,9,5,579,653,250,-8,4,4,2.42,0.92,2.0,Kings Library Church of the Redeemer,1065 Bristol Pike Bensalem PA 19020,Bensalem,02040,02040-1,Bensalem Twp. Upper West
Klinger Middle School | 1415 2nd Street Pike Southampton PA 18966 | Southampton,8,8,5,0,1,1,23,6,16,8,2,9,5,310,546,175,-10,6,4,5.16,0.37,2.86,Klinger Middle School,1415 2nd Street Pike Southampton PA 18966,Southampton,48022,48022-1,Upper Southampton Twp. North 2
Langhorne Manor Municipal Building | 618 Hulmeville Ave Langhorne PA 19047 | Langhorne,3,2,1,3,4,1,14,5,5,5,5,4,4,257,403,116,0,0,0,1.95,1.24,3.45,Langhorne Manor Municipal Building,618 Hulmeville Ave Langhorne PA 19047,Langhorne,19000,19000-1,Langhorne Manor Boro
Lenape Valley Presbyterian Church | 321 W Butler Ave New Britain PA 18901 | New Britain,17,12,9,11,8,9,66,17,29,23,17,26,20,799,756,374,-12,6,6,3.63,2.25,5.35,Lenape Valley Presbyterian Church,321 W Butler Ave New Britain PA 18901,New Britain,25000,25000-1,New Britain Borough
Log College Middle School | 730 N Norristown Rd Warminster PA 18974 | Warminster,12,20,18,13,13,10,86,31,32,33,23,22,31,950,1112,337,-1,10,-9,3.37,2.07,9.2,Log College Middle School,730 N Norristown Rd Warminster PA 18974,Warminster,49090; 49150,49090-1; 49150-1,Warminster Twp. District 15; Warminster Twp. District 9
Lower Makefield Township Building | 1100 Edgewood Rd Yardley PA 19067 | Yardley,5,2,3,1,9,8,28,12,7,3,17,13,4,703,605,366,5,-14,9,1.0,2.81,1.09,Lower Makefield Township Building,1100 Edgewood Rd Yardley PA 19067,Yardley,20014,20014-1,Lower Makefield Twp. North 4
Lower Southampton Early Learning Center | 7 School Ln Feasterville Trevose PA 19053 | Feasterville,5,7,3,4,7,2,28,10,12,11,9,7,7,596,684,323,-2,2,0,2.01,1.32,2.17,Lower Southampton Early Learning Center,7 School Ln Feasterville Trevose PA 19053,Feasterville,21011,21011-1,Lower Southampton Twp. East 1
Makefield Elementary School | 1939 Makefield Rd Yardley PA 19067 | Yardley,15,7,11,7,6,8,54,17,22,14,14,23,18,1330,1004,661,-5,0,5,1.65,1.39,2.72,Makefield Elementary School,1939 Makefield Rd Yardley PA 19067,Yardley,20021; 20023,20021-1; 20023-1,Lower Makefield Twp. South 1; Lower Makefield Twp. South 3
Manor Elementary School | 401 Penn Valley Rd Levittown PA 19054 | Levittown,6,18,9,9,11,1,54,20,24,27,12,7,18,1213,957,424,-4,15,-11,1.98,1.25,4.25,Manor Elementary School,401 Penn Valley Rd Levittown PA 19054,Levittown,13043; 13046; 13047,13043-1; 13046-1; 13047-1,Falls Twp. 4 - 3; Falls Twp. 4 - 6; Falls Twp. 4 - 7
Maple Point Middle School | 2250 Langhorne Yardley Rd Langhorne PA 19047 | Langhorne,15,24,24,11,16,10,100,40,39,35,26,25,35,1958,1895,800,1,9,-10,1.99,1.37,4.38,Maple Point Middle School,2250 Langhorne Yardley Rd Langhorne PA 19047,Langhorne,22260; 22270; 22280,22260-1; 22270-1; 22280-1,Middletown Twp. Upper 6; Middletown Twp. Upper 7; Middletown Twp. Upper 8
"Maple Point Middle School | 2250 Langhorne Yardley Road, Langhorne, PA 19047 | Langhorne",8,10,8,6,6,7,45,14,18,16,13,15,14,1018,1148,451,-4,3,1,1.77,1.13,3.1,Maple Point Middle School,"2250 Langhorne Yardley Road, Langhorne, PA 19047",Langhorne,22230,22230-1,Middletown Twp. Upper 3
Maureen W. Welch Elementary School | 750 New Rd Churchville PA 18966 | Churchville,11,30,18,15,15,9,98,33,41,45,24,20,33,1204,2084,647,-8,21,-13,3.41,1.15,5.1,Maureen W. Welch Elementary School,750 New Rd Churchville PA 18966,Churchville,31040; 31080,31040-1; 31080-1,Northampton Twp. District 4; Northampton Twp. District 8
"Merck, Sharpe & Dohme Federal Credit Union | 335 West Butler Avenue, Chalfont, PA 18914 | Chalfont",13,8,12,20,11,11,75,23,21,28,22,24,32,639,796,317,2,6,-8,3.29,2.76,10.09,"Merck, Sharpe & Dohme Federal Credit Union","335 West Butler Avenue, Chalfont, PA 18914",Chalfont,26022,26022-1,New Britain Twp. West 2
Middletown Senior Citizens Association | 2142 Trenton Rd Levittown PA 19056 | Levittown,5,6,1,4,7,5,28,8,11,10,12,10,5,559,467,216,-3,-2,5,1.97,2.57,2.31,Middletown Senior Citizens Association,2142 Trenton Rd Levittown PA 19056,Levittown,22080,22080-1,Middletown Twp. Lower 8
Middletown Township Building | 3 Municipal Way Langhorne PA 19047 | Langhorne,11,15,22,10,8,10,76,30,26,25,18,21,32,1441,1266,549,4,7,-11,1.8,1.42,5.83,Middletown Township Building,3 Municipal Way Langhorne PA 19047,Langhorne,22210; 22290,22210-1; 22290-1,Middletown Twp. Upper 1; Middletown Twp. Upper 9
Milford Township Building | 2100 Krammes Rd Quakertown PA 18951 | Quakertown,14,9,8,11,10,13,65,18,23,20,23,27,19,775,1121,422,-5,-3,8,2.97,2.05,4.5,Milford Township Building,2100 Krammes Rd Quakertown PA 18951,Quakertown,23030,23030-1,Milford Twp. Shelly
Mill Creek Elem School | 6501 Mill Creek Rd Levittown PA 19057 | Levittown,23,24,10,10,5,6,78,15,47,34,11,29,20,2128,1042,702,-32,23,9,2.21,1.06,2.85,Mill Creek Elem School,6501 Mill Creek Rd Levittown PA 19057,Levittown,05052; 05062; 05072,05052-1; 05062-1; 05072-1,Bristol Twp. 5 - 2; Bristol Twp. 6 - 2; Bristol Twp. 7 - 2
Morrisville High School | 550 W Palmer St Morrisville PA 19067 | Morrisville,6,5,6,2,2,5,26,8,11,7,7,11,8,792,434,331,-3,0,3,1.39,1.61,2.42,Morrisville High School,550 W Palmer St Morrisville PA 19067,Morrisville,24030,24030-1,Morrisville Borough 3rd Ward
Morrisville Library Building | 300 N Pennsylvania Ave Morrisville PA 19067 | Morrisville,11,7,3,1,4,2,28,7,18,8,6,13,4,777,497,380,-11,2,9,2.32,1.21,1.05,Morrisville Library Building,300 N Pennsylvania Ave Morrisville PA 19067,Morrisville,24020,24020-1,Morrisville Borough 2nd Ward
Morrisville Senior Citizens Center | 31 E Cleveland Ave Morrisville PA 19067 | Morrisville,5,2,4,6,11,2,30,15,7,8,13,7,10,682,423,287,8,-5,-3,1.03,3.07,3.48,Morrisville Senior Citizens Center,31 E Cleveland Ave Morrisville PA 19067,Morrisville,24010,24010-1,Morrisville Borough 1st Ward
Mumbauersville Rod & Gun Club | 1911 Klines Mill Rd Pennsburg PA 18073 | Pennsburg,6,5,2,3,2,6,24,4,11,8,8,12,5,315,588,184,-7,0,7,3.49,1.36,2.72,Mumbauersville Rod & Gun Club,1911 Klines Mill Rd Pennsburg PA 18073,Pennsburg,23010,23010-1,Milford Twp. Roeder
Neidig Elementary School | 201 N Penrose St Quakertown PA 18951 | Quakertown,4,12,8,14,5,6,49,13,16,26,11,10,22,537,712,324,-3,15,-12,2.98,1.54,6.79,Neidig Elementary School,201 N Penrose St Quakertown PA 18951,Quakertown,35030,35030-1,Quakertown Borough 3rd Ward
Neil A. Armstrong Middle School | 475 Wistar Rd Fairless Hills PA 19030 | Fairless Hills,19,23,26,11,8,10,97,34,42,34,18,29,37,2252,1763,846,-8,16,-8,1.87,1.02,4.37,Neil A. Armstrong Middle School,475 Wistar Rd Fairless Hills PA 19030,Fairless Hills,05091; 05092; 05093,05091-1; 05092-1; 05093-1,Bristol Twp. 9 - 1; Bristol Twp. 9 - 2; Bristol Twp. 9 - 3
Neshaminy High School | 2001 Old Lincoln Hwy Langhorne PA 19047 | Langhorne,13,9,13,7,12,9,63,25,22,16,21,22,20,1359,1498,570,3,-5,2,1.62,1.4,3.51,Neshaminy High School,2001 Old Lincoln Hwy Langhorne PA 19047,Langhorne,22220; 22240,22220-1; 22240-1,Middletown Twp. Upper 2; Middletown Twp. Upper 4
Neshaminy Senior Center | 1842 Brownsville Rd Feasterville Trevose PA 19053 | Trevose,1,8,1,3,5,6,24,6,9,11,11,7,4,557,727,253,-3,0,3,1.62,1.51,1.58,Neshaminy Senior Center,1842 Brownsville Rd Feasterville Trevose PA 19053,Trevose,21014,21014-1,Lower Southampton Twp. East 4
New Britain Township Building | 207 Park Avenue Chalfont PA 18914 | New Britain,20,18,17,7,13,12,87,30,38,25,25,32,24,851,1051,423,-8,0,8,4.47,2.38,5.67,New Britain Township Building,207 Park Avenue Chalfont PA 18914,New Britain,26010,26010-1,New Britain Twp. East
New Hope Borough Community Room | 125 New St New Hope PA 18938 | New Hope,16,6,30,13,8,5,78,38,22,19,13,21,43,1204,607,541,16,6,-22,1.83,2.14,7.95,New Hope Borough Community Room,125 New St New Hope PA 18938,New Hope,27000,27000-1,New Hope Borough
Newportville Fire Company #1 | 2425 New Falls Rd Newportville PA 19056 | Newportville,8,7,10,4,2,7,38,12,15,11,9,15,14,1099,649,431,-3,2,1,1.36,1.39,3.25,Newportville Fire Company #1,2425 New Falls Rd Newportville PA 19056,Newportville,05021; 05022,05021-1; 05022-1,Bristol Twp. 2 - 1; Bristol Twp. 2 - 2
Newtown Fire Station | 14 Liberty St Newtown PA 18940 | Newtown,11,4,1,0,3,2,21,4,15,4,5,13,1,456,346,191,-11,-1,12,3.29,1.45,0.52,Newtown Fire Station,14 Liberty St Newtown PA 18940,Newtown,28010,28010-1,Newtown Borough 1st Ward
Newtown Grant Homeowners Assoc Rec Center | 360 Eagle Rd Newtown PA 18940 | Newtown,12,7,16,8,8,1,52,24,19,15,9,13,24,950,937,515,5,6,-11,2.0,0.96,4.66,Newtown Grant Homeowners Assoc Rec Center,360 Eagle Rd Newtown PA 18940,Newtown,29070,29070-1,Newtown Twp. District 7
Newtown Joint Municipal Authority | 15 S Congress St Newtown PA 18940 | Newtown,3,4,6,5,6,7,31,12,7,9,13,10,11,458,432,198,5,-4,-1,1.53,3.01,5.56,Newtown Joint Municipal Authority,15 S Congress St Newtown PA 18940,Newtown,28020,28020-1,Newtown Borough 2nd Ward
Newtown Middle School | 116 Richboro Rd Newtown PA 18940 | Newtown,5,11,6,10,11,7,50,17,16,21,18,12,16,1070,894,466,1,3,-4,1.5,2.01,3.43,Newtown Middle School,116 Richboro Rd Newtown PA 18940,Newtown,29010; 29040,29010-1; 29040-1,Newtown Twp. District 1; Newtown Twp. District 4
Newtown Reformed Church | 206 Buck Road Newtown PA 18940 | Newtown,4,2,7,6,3,11,33,10,6,8,14,15,13,725,641,323,4,-6,2,0.83,2.18,4.02,Newtown Reformed Church,206 Buck Road Newtown PA 18940,Newtown,29050,29050-1,Newtown Twp. District 5
Newtown Township Building | 100 Municipal Dr Newtown PA 18940 | Newtown,8,7,10,10,13,8,56,23,15,17,21,16,20,1225,1135,623,8,-4,-4,1.22,1.85,3.21,Newtown Township Building,100 Municipal Dr Newtown PA 18940,Newtown,29080,29080-1,Newtown Twp. District 8
North and Southampton Reformed Church | 1380 Bristol Rd Churchville PA 18966 | Churchville,7,12,9,4,2,13,47,11,19,16,15,20,13,611,927,277,-8,1,7,3.11,1.62,4.69,North and Southampton Reformed Church,1380 Bristol Rd Churchville PA 18966,Churchville,48012,48012-1,Upper Southampton Twp. East 2
Northampton Township Building | 55 Township Rd Richboro PA 18954 | Richboro,10,28,10,16,18,14,96,28,38,44,32,24,26,1152,1587,467,-10,12,-2,3.3,2.02,5.57,Northampton Township Building,55 Township Rd Richboro PA 18954,Richboro,31150; 31180,31150-1; 31180-1,Northampton Twp. District 15; Northampton Twp. District 18
Northampton Township Fire Company | 283 Hatboro Rd Churchville PA 18966 | Churchville,6,15,8,15,5,10,59,13,21,30,15,16,23,566,931,289,-8,15,-7,3.71,1.61,7.96,Northampton Township Fire Company,283 Hatboro Rd Churchville PA 18966,Churchville,31130,31130-1,Northampton Twp. District 13
Ottsville Fire Company | 249 Durham Rd Ottsville PA 18942 | Ottsville,5,7,4,10,8,7,41,12,12,17,15,12,14,362,560,186,0,2,-2,3.31,2.68,7.53,Ottsville Fire Company,249 Durham Rd Ottsville PA 18942,Ottsville,44020,44020-1,Tinicum Twp. Tinicum
Oxford Valley Elementary School | 430 Trenton Rd Fairless Hills PA 19030 | Fairless Hills,10,11,7,10,5,1,44,12,21,21,6,11,17,919,842,383,-9,15,-6,2.29,0.71,4.44,Oxford Valley Elementary School,430 Trenton Rd Fairless Hills PA 19030,Fairless Hills,13021; 13031,13021-1; 13031-1,Falls Twp. 2 - 1; Falls Twp. 3 - 1
Palisades High School | 35 Church Hill Rd Kintnersville PA 18930 | Kintnersville,10,12,14,12,7,11,66,21,22,24,18,21,26,730,1556,483,-1,6,-5,3.01,1.16,5.38,Palisades High School,35 Church Hill Rd Kintnersville PA 18930,Kintnersville,30010; 30020,30010-1; 30020-1,Nockamixon Twp. Nockamixon; Nockamixon Twp. Revere
Parkland Fire Company | 831 Avenue D Langhorne PA 19047 | Parkland,17,18,9,7,4,7,62,13,35,25,11,24,16,889,1040,397,-22,14,8,3.94,1.06,4.03,Parkland Fire Company,831 Avenue D Langhorne PA 19047,Parkland,22010,22010-1,Middletown Twp. Lower 1
Passer Community Center | 2580 Richlandtown Pike Coopersburg PA 18036 | Coopersburg,5,3,4,7,3,7,29,7,8,10,10,12,11,390,694,248,-1,0,1,2.05,1.44,4.44,Passer Community Center,2580 Richlandtown Pike Coopersburg PA 18036,Coopersburg,42030,42030-1,Springfield Twp. West
Penn Valley Elementary School | 180 North Turn Ln Levittown PA 19054 | Levittown,14,20,19,11,12,10,86,31,34,31,22,24,30,1558,1161,569,-3,9,-6,2.18,1.89,5.27,Penn Valley Elementary School,180 North Turn Ln Levittown PA 19054,Levittown,13042; 13044; 13045,13042-1; 13044-1; 13045-1,Falls Twp. 4 - 2; Falls Twp. 4 - 4; Falls Twp. 4 - 5
Penndel Borough Hall | 300 Bellevue Ave Penndel PA 19047 | Penndel,10,7,7,2,3,4,33,10,17,9,7,14,9,730,624,300,-7,2,5,2.33,1.12,3.0,Penndel Borough Hall,300 Bellevue Ave Penndel PA 19047,Penndel,32000,32000-1,Penndel Borough
Pennsbury West High School | 608 S Olds Blvd Fairless Hills PA 19030 | Fairless Hills,10,30,18,10,13,6,87,31,40,40,19,16,28,2083,1553,807,-9,21,-12,1.92,1.22,3.47,Pennsbury West High School,608 S Olds Blvd Fairless Hills PA 19030,Fairless Hills,13012; 13022; 13032,13012-1; 13022-1; 13032-1,Falls Twp. 1 - 2; Falls Twp. 2 - 2; Falls Twp. 3 - 2
Pennwood Library | 301 S Pine St Langhorne PA 19047 | Langhorne,6,1,3,2,5,0,17,8,7,3,5,6,5,536,419,183,1,-2,1,1.31,1.19,2.73,Pennwood Library,301 S Pine St Langhorne PA 19047,Langhorne,18000,18000-1,Langhorne Borough
Pennwood Middle School | 1523 Makefield Rd Yardley PA 19067 | Yardley,14,8,9,8,3,8,50,12,22,16,11,22,17,1313,927,590,-10,5,5,1.68,1.19,2.88,Pennwood Middle School,1523 Makefield Rd Yardley PA 19067,Yardley,20022; 20027,20022-1; 20027-1,Lower Makefield Twp. South 2; Lower Makefield Twp. South 7
Perkasie Borough Hall | 620 W Chestnut St Perkasie PA 18944 | Perkasie,12,9,20,20,10,13,84,30,21,29,23,25,40,754,842,394,9,6,-15,2.79,2.73,10.15,Perkasie Borough Hall,620 W Chestnut St Perkasie PA 18944,Perkasie,33020,33020-1,Perkasie Borough 2nd Ward
Perkasie Fire Company | 100 N 5th St Perkasie PA 18944 | Perkasie,15,11,17,15,10,14,82,27,26,26,24,29,32,752,1000,374,1,2,-3,3.46,2.4,8.56,Perkasie Fire Company,100 N 5th St Perkasie PA 18944,Perkasie,33010,33010-1,Perkasie Borough 1st Ward
Pine Run Community Building | 777 Ferry Rd Doylestown PA 18901 | Doylestown,4,0,11,2,4,7,28,15,4,2,11,11,13,505,484,196,11,-9,-2,0.79,2.27,6.63,Pine Run Community Building,777 Ferry Rd Doylestown PA 18901,Doylestown,09020,09020-1,Doylestown Twp. District 2
Plumsteadville Firehouse | 5064 Stump Rd Plumsteadville PA 18949 | Plumsteadville,22,13,12,15,10,21,93,22,35,28,31,43,27,727,990,418,-13,-3,16,4.81,3.13,6.46,Plumsteadville Firehouse,5064 Stump Rd Plumsteadville PA 18949,Plumsteadville,34020,34020-1,Plumstead Twp. District 2
Point Pleasant Fire Company | 6500 Point Pleasant Pike Point Pleasant PA 18950 | Point Pleasant,16,8,8,9,15,13,69,23,24,17,28,29,17,648,914,344,-1,-11,12,3.7,3.06,4.94,Point Pleasant Fire Company,6500 Point Pleasant Pike Point Pleasant PA 18950,Point Pleasant,34010,34010-1,Plumstead Twp. District 1
Poquessing Middle School | 300 Heights Ln Feasterville-Trevose PA 19053 | Feasterville,5,6,7,4,6,0,28,13,11,10,6,5,11,494,546,234,2,4,-6,2.23,1.1,4.7,Poquessing Middle School,300 Heights Ln Feasterville-Trevose PA 19053,Feasterville,21023,21023-1,Lower Southampton Twp. West 3
Quakertown Elementary School | 123 S 7th St Quakertown PA 18951 | Quakertown,11,7,7,4,3,2,34,10,18,11,5,13,11,377,461,219,-8,6,2,4.77,1.08,5.02,Quakertown Elementary School,123 S 7th St Quakertown PA 18951,Quakertown,35040,35040-1,Quakertown Borough 4th Ward
Quakertown United Methodist | 1875 Freier Rd Quakertown PA 18951 | Quakertown,12,16,11,12,9,15,75,20,28,28,24,27,23,861,1499,510,-8,4,4,3.25,1.6,4.51,Quakertown United Methodist,1875 Freier Rd Quakertown PA 18951,Quakertown,23040,23040-1,Milford Twp. Trumbauersville
"Richboro Elementary School | 125 Upper Holland Road, Richboro, PA 18954 | Richboro",15,24,11,13,11,17,91,22,39,37,28,32,24,1102,1694,471,-17,9,8,3.54,1.65,5.1,Richboro Elementary School,"125 Upper Holland Road, Richboro, PA 18954",Richboro,31070; 31120,31070-1; 31120-1,Northampton Twp. District 12; Northampton Twp. District 7
Richland Elementary School | 500 Fairview Ave Quakertown PA 18951 | Quakertown,23,32,28,37,11,18,149,39,55,69,29,41,65,1267,1842,692,-16,40,-24,4.34,1.57,9.39,Richland Elementary School,500 Fairview Ave Quakertown PA 18951,Quakertown,36010,36010-1,Richland Twp. District 1
Richland Township Building | 1328 California Rd Quakertown PA 18951 | Quakertown,7,18,14,17,7,9,72,21,25,35,16,16,31,641,1097,364,-4,19,-15,3.9,1.46,8.52,Richland Township Building,1328 California Rd Quakertown PA 18951,Quakertown,36020,36020-1,Richland Twp. District 2
Riegelsville Borough Hall | 615 Easton Rd Riegelsville PA 18077 | Riegelsville,2,2,5,5,1,5,20,6,4,7,6,7,10,294,277,133,2,1,-3,1.36,2.17,7.52,Riegelsville Borough Hall,615 Easton Rd Riegelsville PA 18077,Riegelsville,38000,38000-1,Riegelsville Borough
Robert Shafer Middle School | 3333 Hulmeville Rd Bensalem PA 19020 | Bensalem,16,27,9,13,9,11,85,18,43,40,20,27,22,1735,1441,710,-25,20,5,2.48,1.39,3.1,Robert Shafer Middle School,3333 Hulmeville Rd Bensalem PA 19020,Bensalem,02012; 02013,02012-1; 02013-1,Bensalem Twp. Lower East 2; Bensalem Twp. Lower East 3
Rolling Hills Elementary School | 340 Middle Holland Rd Holland PA 18966 | Holland,5,15,16,6,7,8,57,23,20,21,15,13,22,946,1090,388,3,6,-9,2.11,1.38,5.67,Rolling Hills Elementary School,340 Middle Holland Rd Holland PA 18966,Holland,31100; 31170,31100-1; 31170-1,Northampton Twp. District 10; Northampton Twp. District 17
Russell C. Struble Elementary School | 4300 Bensalem Blvd Bensalem PA 19020 | Bensalem,18,22,17,8,11,6,82,28,40,30,17,24,25,1816,1555,679,-12,13,-1,2.2,1.09,3.68,Russell C. Struble Elementary School,4300 Bensalem Blvd Bensalem PA 19020,Bensalem,02011; 02017,02011-1; 02017-1,Bensalem Twp. Lower East 1; Bensalem Twp. Lower East 7
Russell Elliot Recreation Field Building | 150 Buck Rd Feasterville -Trevose PA 19053 | Feasterville,3,5,2,6,2,7,25,4,8,11,9,10,8,279,453,118,-4,2,2,2.87,1.99,6.78,Russell Elliot Recreation Field Building,150 Buck Rd Feasterville -Trevose PA 19053,Feasterville,21022,21022-1,Lower Southampton Twp. West 2
Salem Harbor Apts. | 463 Old Bridge Rd Bensalem PA 19020 | Bensalem,5,4,5,2,4,2,22,9,9,6,6,7,7,691,587,262,0,0,0,1.3,1.02,2.67,Salem Harbor Apts.,463 Old Bridge Rd Bensalem PA 19020,Bensalem,02030,02030-1,Bensalem Twp. Lower West
Salem United Church of Christ | 186 E Court St Doylestown PA 18901 | Doylestown,10,2,6,1,6,8,33,12,12,3,14,18,7,568,295,210,0,-11,11,2.11,4.75,3.33,Salem United Church of Christ,186 E Court St Doylestown PA 18901,Doylestown,08012,08012-1,Doylestown Borough 1 - 2
Samuel K. Faust Elementary School | 2901 Bellview Dr Bensalem PA 19020 | Bensalem,9,13,10,8,7,11,58,17,22,21,18,20,18,1205,1009,507,-5,3,2,1.83,1.78,3.55,Samuel K. Faust Elementary School,2901 Bellview Dr Bensalem PA 19020,Bensalem,02052; 02055,02052-1; 02055-1,Bensalem Twp. Upper 2; Bensalem Twp. Upper 5
Sandburg Middle School | 30 Harmony Rd Levittown PA 19056 | Levittown,11,9,8,6,7,6,47,15,20,15,13,17,14,844,797,400,-5,2,3,2.37,1.63,3.5,Sandburg Middle School,30 Harmony Rd Levittown PA 19056,Levittown,22070; 22110,22070-1; 22110-1,Middletown Twp. Lower 11; Middletown Twp. Lower 7
Sarah Mitchell Comm. Cent. | 1500 Desire Ave Feasterville Trevose PA 19053 | Feasterville,7,6,5,4,2,5,29,7,13,10,7,12,9,369,582,186,-6,3,3,3.52,1.2,4.84,Sarah Mitchell Comm. Cent.,1500 Desire Ave Feasterville Trevose PA 19053,Feasterville,21012,21012-1,Lower Southampton Twp. East 2
Scottsville United Methodist Church | 2400 Brownsville Rd Langhorne PA 19053 | Langhorne,5,8,3,4,5,2,27,8,13,12,7,7,7,481,645,170,-5,5,0,2.7,1.09,4.12,Scottsville United Methodist Church,2400 Brownsville Rd Langhorne PA 19053,Langhorne,21015,21015-1,Lower Southampton Twp. East 5
Sellersville Fire Department | 2 N Main St Sellersville PA 18960 | Sellersville,18,16,13,11,10,17,85,23,34,27,27,35,24,1052,1163,534,-11,0,11,3.23,2.32,4.49,Sellersville Fire Department,2 N Main St Sellersville PA 18960,Sellersville,39010; 39030,39010-1; 39030-1,Sellersville Borough District 1; Sellersville Borough District 3
Seventh-Day Adventist Church | 10 Greene Rd Warminster PA 18974 | Warminster,3,6,12,8,7,8,44,19,9,14,15,11,20,594,745,251,10,-1,-9,1.52,2.01,7.97,Seventh-Day Adventist Church,10 Greene Rd Warminster PA 18974,Warminster,49070,49070-1,Warminster Twp. District 7
Silverdale Brethren in Christ Church | 167 W Main St Silverdale PA 18962 | Silverdale,1,4,3,6,3,3,20,6,5,10,6,4,9,195,329,100,1,4,-5,2.56,1.82,9.0,Silverdale Brethren in Christ Church,167 W Main St Silverdale PA 18962,Silverdale,40000,40000-1,Silverdale Borough
Simon Butler Elementary School | 200 Brittany Dr Chalfont PA 18914 | Chalfont,15,20,33,16,14,27,125,47,35,36,41,42,49,1645,1559,700,12,-5,-7,2.13,2.63,7.0,Simon Butler Elementary School,200 Brittany Dr Chalfont PA 18914,Chalfont,26031; 26032,26031-1; 26032-1,New Britain Twp. South 1; New Britain Twp. South 2
Snyder-Girotti Elementary School | 450 Beaver St Bristol PA 19007 | Bristol,6,11,5,6,6,2,36,11,17,17,8,8,11,1083,456,314,-6,9,-3,1.57,1.75,3.5,Snyder-Girotti Elementary School,450 Beaver St Bristol PA 19007,Bristol,04031; 04032; 04033,04031-1; 04032-1; 04033-1,Bristol Borough West 1; Bristol Borough West 2; Bristol Borough West 3
Sol Feinstone Elementary School | 1090 Eagle Rd Newtown PA 18940 | Newtown,9,6,20,9,13,21,78,33,15,15,34,30,29,1271,1599,704,18,-19,1,1.18,2.13,4.12,Sol Feinstone Elementary School,1090 Eagle Rd Newtown PA 18940,Newtown,47010; 47030,47010-1; 47030-1,Upper Makefield Twp. District 1; Upper Makefield Twp. District 3
Solebury Township Building | 3092 Sugan Rd Solebury PA 18963 | Solebury,22,11,24,12,4,15,88,28,33,23,19,37,36,1241,761,507,-5,4,1,2.66,2.5,7.1,Solebury Township Building,3092 Sugan Rd Solebury PA 18963,Solebury,41020,41020-1,Solebury Twp. Middle
Somerton Springs Ballroom | 50 Bustleton Pike Feasterville Trevose PA 19053 | Feasterville,10,11,10,1,3,7,42,13,21,12,10,17,11,558,806,332,-8,2,6,3.76,1.24,3.31,Somerton Springs Ballroom,50 Bustleton Pike Feasterville Trevose PA 19053,Feasterville,21021; 21027,21021-1; 21027-1,Lower Southampton Twp. West 1; Lower Southampton Twp. West 7
Southampton Fire House | 925 Street Rd Southampton PA 18966 | Southampton,15,33,10,19,11,20,108,21,48,52,31,35,29,1464,2246,634,-27,21,6,3.28,1.38,4.57,Southampton Fire House,925 Street Rd Southampton PA 18966,Southampton,48011; 48031; 48032,48011-1; 48031-1; 48032-1,Upper Southampton Twp. East 1; Upper Southampton Twp. South 1; Upper Southampton Twp. South 2
Springtown Fire Company | 3010 Route 212 Springtown PA 18081 | Springtown,7,3,6,7,2,5,30,8,10,10,7,12,13,441,713,267,-2,3,-1,2.27,0.98,4.87,Springtown Fire Company,3010 Route 212 Springtown PA 18081,Springtown,42010,42010-1,Springfield Twp. East
St Ann Worship Site | 357 Dorrance St Bristol PA 19007 | Bristol,8,11,9,7,3,5,43,12,19,18,8,13,16,953,423,249,-7,10,-3,1.99,1.89,6.43,St Ann Worship Site,357 Dorrance St Bristol PA 19007,Bristol,04041; 04042; 04043,04041-1; 04042-1; 04043-1,Bristol Borough South 1; Bristol Borough South 2; Bristol Borough South 3
St. Andrew's Lutheran Church | 20 Dill Ave Perkasie PA 18944 | Perkasie,11,15,17,21,14,11,89,31,26,36,25,22,38,1036,1304,503,5,11,-16,2.51,1.92,7.55,St. Andrew's Lutheran Church,20 Dill Ave Perkasie PA 18944,Perkasie,33030,33030-1,Perkasie Borough 3rd Ward
St. Cyril of Jerusalem | 1410 Almshouse Rd Jamison PA 18929 | Jamison,33,27,21,27,29,24,161,50,60,54,53,57,48,1696,2289,820,-10,1,9,3.54,2.32,5.85,St. Cyril of Jerusalem,1410 Almshouse Rd Jamison PA 18929,Jamison,51020; 51050,51020-1; 51050-1,Warwick Twp. District 2; Warwick Twp. District 5
St. John's Activity Center | 26 First Ave Richlandtown PA 18955 | Richlandtown,4,2,10,5,3,9,33,13,6,7,12,13,15,269,404,169,7,-5,-2,2.23,2.97,8.88,St. John's Activity Center,26 First Ave Richlandtown PA 18955,Richlandtown,37000,37000-1,Richlandtown Borough
St. John's Lutheran Church | 910 Allentown Rd Sellersville PA 18960 | Sellersville,1,7,3,3,0,4,18,3,8,10,4,5,6,357,717,237,-5,6,-1,2.24,0.56,2.53,St. John's Lutheran Church,910 Allentown Rd Sellersville PA 18960,Sellersville,52010,52010-1,West Rockhill Twp. Argus
St. Paul's Episcopal Church | 89 Pinewood Dr Levittown PA 19054 | Levittown,6,5,1,4,4,1,21,5,11,9,5,7,5,540,457,203,-6,4,2,2.04,1.09,2.46,St. Paul's Episcopal Church,89 Pinewood Dr Levittown PA 19054,Levittown,13041,13041-1,Falls Twp. 4 - 1
St. Paul's United Church of Christ | 104 Green St Sellersville PA 18960 | Sellersville,0,4,2,3,5,4,18,7,4,7,9,4,5,196,197,100,3,-2,-1,2.04,4.57,5.0,St. Paul's United Church of Christ,104 Green St Sellersville PA 18960,Sellersville,39020,39020-1,Sellersville Borough District 2
St. Peter's Lutheran Church | 1530 Augsburg Dr Hilltown PA 18927 | Hilltown,12,2,5,8,10,6,43,15,14,10,16,18,13,642,1211,394,1,-6,5,2.18,1.32,3.3,St. Peter's Lutheran Church,1530 Augsburg Dr Hilltown PA 18927,Hilltown,15022,15022-1,Hilltown Twp. Fairhill 2
Tapestry Clubhouse | 100 Independence Dr Holland PA 18966 | Holland,7,7,12,8,4,6,44,16,14,15,10,13,20,743,759,263,2,5,-7,1.88,1.32,7.6,Tapestry Clubhouse,100 Independence Dr Holland PA 18966,Holland,31110,31110-1,Northampton Twp. District 11
Tawanka Learning Center | 2055 Brownsville Rd Langhorne PA 19053 | Langhorne,3,11,2,3,2,11,32,4,14,14,13,14,5,534,693,230,-10,1,9,2.62,1.88,2.17,Tawanka Learning Center,2055 Brownsville Rd Langhorne PA 19053,Langhorne,21013,21013-1,Lower Southampton Twp. East 3
Telford Borough Community Center | 125 S Hamilton St Telford PA 18969 | Telford,3,8,1,6,6,3,27,7,11,14,9,6,7,566,806,287,-4,5,-1,1.94,1.12,2.44,Telford Borough Community Center,125 S Hamilton St Telford PA 18969,Telford,43000,43000-1,Telford Borough
"Thompson Memorial Presbyterian Church | 1680 Aquetong Road, New Hope, PA 18938 | New Hope",25,14,22,14,13,27,115,35,39,28,40,52,36,1395,1187,761,-4,-12,16,2.8,3.37,4.73,Thompson Memorial Presbyterian Church,"1680 Aquetong Road, New Hope, PA 18938",New Hope,41011; 41012,41011-1; 41012-1,Solebury Twp. Lower 1; Solebury Twp. Lower 2
Tinicum Township Building | 163 Municipal Rd Pipersville PA 18947 | Pipersville,11,6,5,5,2,6,35,7,17,11,8,17,10,436,500,224,-10,3,7,3.9,1.6,4.46,Tinicum Township Building,163 Municipal Rd Pipersville PA 18947,Pipersville,44030,44030-1,Tinicum Twp. Tohickon
Titus Elementary School | 2333 Lower Barness Rd Warrington PA 18976 | Warrington,9,15,9,8,10,7,58,19,24,23,17,16,17,984,861,339,-5,6,-1,2.44,1.97,5.01,Titus Elementary School,2333 Lower Barness Rd Warrington PA 18976,Warrington,50040,50040-1,Warrington Twp. District 4
Tohickon Middle School | 5051 Old Easton Rd Doylestown PA 18902 | Doylestown,33,15,24,24,16,28,140,40,48,39,44,61,48,1412,1929,872,-8,-5,13,3.4,2.28,5.5,Tohickon Middle School,5051 Old Easton Rd Doylestown PA 18902,Doylestown,34030; 34050,34030-1; 34050-1,Plumstead Twp. District 3; Plumstead Twp. District 5
Trevose Fire Company | 4900 E Street Rd Trevose PA 19053 | Trevose,13,15,10,7,6,4,55,16,28,22,10,17,17,1620,1493,636,-12,12,0,1.73,0.67,2.67,Trevose Fire Company,4900 E Street Rd Trevose PA 19053,Trevose,02051; 02053,02051-1; 02053-1,Bensalem Twp. Upper 1; Bensalem Twp. Upper 3
Trinity Episcopal Church Solebury | 6587 Upper York Rd Solebury PA 18963 | Solebury,8,7,22,5,7,11,60,29,15,12,18,19,27,945,731,384,14,-6,-8,1.59,2.46,7.03,Trinity Episcopal Church Solebury,6587 Upper York Rd Solebury PA 18963,Solebury,41030,41030-1,Solebury Twp. Upper
Trinity Evangelical Lutheran Church | 2170 Route 212 Coopersburg PA 18036 | Coopersburg,6,6,6,8,9,12,47,15,12,14,21,18,14,463,699,248,3,-7,4,2.59,3.0,5.65,Trinity Evangelical Lutheran Church,2170 Route 212 Coopersburg PA 18036,Coopersburg,42020,42020-1,Springfield Twp. Middle
Trumbauersville Borough Building | 1 Evergreen Dr Trumbauersville PA 18970 | Trumbauersville,2,4,3,8,2,3,22,5,6,12,5,5,11,199,323,121,-1,7,-6,3.02,1.55,9.09,Trumbauersville Borough Building,1 Evergreen Dr Trumbauersville PA 18970,Trumbauersville,45000,45000-1,Trumbauersville Boro
Tullytown Borough Hall | 500 Main St Tullytown PA 19007 | Tullytown,8,8,5,9,2,0,32,7,16,17,2,8,14,839,510,264,-9,15,-6,1.91,0.39,5.3,Tullytown Borough Hall,500 Main St Tullytown PA 19007,Tullytown,46000,46000-1,Tullytown Borough
Union Fire Company | 2067 State Rd Bensalem PA 19020 | Bensalem,12,5,6,6,3,4,36,9,17,11,7,16,12,681,759,303,-8,4,4,2.5,0.92,3.96,Union Fire Company,2067 State Rd Bensalem PA 19020,Bensalem,02021,02021-1,Bensalem Twp. Lower Middle 1
Upper Southampton Township Parks & Recreation | 913 Willow St Southampton PA 18966 | Southampton,10,14,8,14,12,16,74,20,24,28,28,26,22,1009,1376,430,-4,0,4,2.38,2.03,5.12,Upper Southampton Township Parks & Recreation,913 Willow St Southampton PA 18966,Southampton,48021; 48041; 48042,48021-1; 48041-1; 48042-1,Upper Southampton Twp. North 1; Upper Southampton Twp. West 1; Upper Southampton Twp. West 2
VFW Post 1597 | 901 Bellevue Ave Croydon PA 19021 | Croydon,9,13,5,10,3,2,42,8,22,23,5,11,15,584,703,299,-14,18,-4,3.77,0.71,5.02,VFW Post 1597,901 Bellevue Ave Croydon PA 19021,Croydon,05011,05011-1,Bristol Twp. 1 - 1
Valley Elementary School | 3100 Donallen Dr Bensalem PA 19020 | Bensalem,22,22,11,4,18,9,86,29,44,26,27,31,15,1766,1745,618,-15,-1,16,2.49,1.55,2.43,Valley Elementary School,3100 Donallen Dr Bensalem PA 19020,Bensalem,02056; 02059; 02060,02056-1; 02059-1; 02060-1,Bensalem Twp. Upper 10; Bensalem Twp. Upper 6; Bensalem Twp. Upper 9
Village Park Elementary School | 75 Unity Dr Fairless Hills PA 19030 | Fairless Hills,2,7,7,1,6,3,26,13,9,8,9,5,8,606,458,211,4,-1,-3,1.49,1.97,3.79,Village Park Elementary School,75 Unity Dr Fairless Hills PA 19030,Fairless Hills,13014,13014-1,Falls Twp. 1 - 4
Village Shires Community Center #1 | 3001 E Village Rd Holland PA 18966 | Holland,22,22,13,6,15,14,92,28,44,28,29,36,19,1513,1704,738,-16,-1,17,2.91,1.7,2.57,Village Shires Community Center #1,3001 E Village Rd Holland PA 18966,Holland,31140; 31160,31140-1; 31160-1,Northampton Twp. District 14; Northampton Twp. District 16
Walter S. Miller Elementary School | 10 Cobalt Ridge Dr S Levittown PA 19057 | Levittown,14,12,3,3,6,9,47,9,26,15,15,23,6,817,784,309,-17,0,17,3.18,1.91,1.94,Walter S. Miller Elementary School,10 Cobalt Ridge Dr S Levittown PA 19057,Levittown,22030; 22040,22030-1; 22040-1,Middletown Twp. Lower 3; Middletown Twp. Lower 4
Warminster Community Center | 75 Downey Dr Warminster PA 18974 | Warminster,11,13,5,3,5,7,44,10,24,16,12,18,8,550,294,226,-14,4,10,4.36,4.08,3.54,Warminster Community Center,75 Downey Dr Warminster PA 18974,Warminster,49020,49020-1,Warminster Twp. District 2
Warminster Library | 1076 Emma Ln Warminster PA 18974 | Warminster,13,21,7,8,6,13,68,13,34,29,19,26,15,742,965,299,-21,10,11,4.58,1.97,5.02,Warminster Library,1076 Emma Ln Warminster PA 18974,Warminster,49010; 49170,49010-1; 49170-1,Warminster Twp. District 1; Warminster Twp. District 17
Warminster Presbyterian Church | 500 Madison Ave Warminster PA 18974 | Warminster,9,10,6,7,9,10,51,15,19,17,19,19,13,900,905,457,-4,-2,6,2.11,2.1,2.84,Warminster Presbyterian Church,500 Madison Ave Warminster PA 18974,Warminster,49030,49030-1,Warminster Twp. District 3
Warminster Township Building | 401 Gibson Ave #1 Warminster PA 18974 | Warminster,2,12,2,5,8,3,32,10,14,17,11,5,7,396,588,159,-4,6,-2,3.54,1.87,4.4,Warminster Township Building,401 Gibson Ave #1 Warminster PA 18974,Warminster,49040,49040-1,Warminster Twp. District 4
Warrington Fellowship Church | 1455 Cooper Ln Warrington PA 18976 | Warrington,22,21,24,25,38,20,150,62,43,46,58,42,49,1508,1809,722,19,-12,-7,2.85,3.21,6.79,Warrington Fellowship Church,1455 Cooper Ln Warrington PA 18976,Warrington,50030; 50050,50030-1; 50050-1,Warrington Twp. District 3; Warrington Twp. District 5
Warrington Fire Company | 2310 Freedoms Way Warrington PA 18976 | Warrington,13,12,15,10,11,12,73,26,25,22,23,25,25,807,967,365,1,-1,0,3.1,2.38,6.85,Warrington Fire Company,2310 Freedoms Way Warrington PA 18976,Warrington,50080,50080-1,Warrington Twp. District 8
Warrington Township Building | 852 Easton Rd Warrington PA 18976 | Warrington,14,13,7,7,7,14,62,14,27,20,21,28,14,767,936,360,-13,-1,14,3.52,2.24,3.89,Warrington Township Building,852 Easton Rd Warrington PA 18976,Warrington,50010,50010-1,Warrington Twp. District 1
Warwick Township Building | 1733 Twp Green Jamison PA 18929 | Jamison,23,21,26,21,18,23,132,44,44,42,41,46,47,1600,2111,723,0,1,-1,2.75,1.94,6.5,Warwick Township Building,1733 Twp Green Jamison PA 18929,Jamison,51010; 51040,51010-1; 51040-1,Warwick Twp. District 1; Warwick Twp. District 4
Warwick township firehouse | 2390 York Rd Jamison PA 18929 | Jamison,14,12,16,10,8,9,69,24,26,22,17,23,26,833,932,437,-2,5,-3,3.12,1.82,5.95,Warwick township firehouse,2390 York Rd Jamison PA 18929,Jamison,51030,51030-1,Warwick Twp. District 3
Wesley Enhanced Living | 200 Veterans Ln Doylestown PA 18901 | Doylestown,20,5,15,12,9,13,74,24,25,17,22,33,27,895,624,380,-1,-5,6,2.79,3.53,7.11,Wesley Enhanced Living,200 Veterans Ln Doylestown PA 18901,Doylestown,08022,08022-1,Doylestown Borough 2 - 2
West End Fire Company | 1319 Park Ave Quakertown PA 18951 | Quakertown,8,11,12,6,4,7,48,16,19,17,11,15,18,555,598,292,-3,6,-3,3.42,1.84,6.16,West End Fire Company,1319 Park Ave Quakertown PA 18951,Quakertown,35011,35011-1,Quakertown Borough 1 - 1
William Penn Fire Company | 123 Main St Hulmeville PA 19047 | Hulmeville,6,2,6,8,1,3,26,7,8,10,4,9,14,298,347,143,-1,6,-5,2.68,1.15,9.79,William Penn Fire Company,123 Main St Hulmeville PA 19047,Hulmeville,16000,16000-1,Hulmeville Borough
William Tennent High School | 333 Centennial Rd Warminster PA 18974 | Warminster,11,21,12,12,18,5,79,30,32,33,23,16,24,1187,980,443,-2,10,-8,2.7,2.35,5.42,William Tennent High School,333 Centennial Rd Warminster PA 18974,Warminster,49100; 49160,49100-1; 49160-1,Warminster Twp. District 10; Warminster Twp. District 16
William W.H. Davis Elementary School | 475 Maple Ave Southampton PA 18966 | Southampton,4,13,4,8,7,4,40,11,17,21,11,8,12,669,862,245,-6,10,-4,2.54,1.28,4.9,William W.H. Davis Elementary School,475 Maple Ave Southampton PA 18966,Southampton,48023; 48024,48023-1; 48024-1,Upper Southampton Twp. North 3; Upper Southampton Twp. North 4
Willow Dale Elementary School | 720 N Norristown Rd Warminster PA 18974 | Warminster,16,14,13,14,16,13,86,29,30,28,29,29,27,994,1278,424,-1,-1,2,3.02,2.27,6.37,Willow Dale Elementary School,720 N Norristown Rd Warminster PA 18974,Warminster,49060; 49130,49060-1; 49130-1,Warminster Twp. District 13; Warminster Twp. District 6
Woodside Church | 1667 Edgewood Rd Yardley PA 19067 | Yardley,32,19,20,11,18,9,109,38,51,30,27,41,31,2214,1722,1097,-13,3,10,2.3,1.57,2.83,Woodside Church,1667 Edgewood Rd Yardley PA 19067,Yardley,20015; 20016,20015-1; 20016-1,Lower Makefield Twp. North 5; Lower Makefield Twp. North 6
Yardley-Makefield Fire Company | 105 S Main St Yardley PA 19067 | Yardley,8,6,13,6,3,5,41,16,14,12,8,13,19,1075,714,498,2,4,-6,1.3,1.12,3.82,Yardley-Makefield Fire Company,105 S Main St Yardley PA 19067,Yardley,54000,54000-1,Yardley Borough
